{"commits":[{"commit":"d289d59d9e5c62a3aa040f979f3b574912e4da33","date":"2016-12-04T22:45:30+07:00","author":"Allan Odgaard","summary":"Update platform symbols using the macOS 10.12 SDK"},{"commit":"e4ade8721f205363fac2a3412807cfc50f726d9e","date":"2016-10-16T14:38:07+02:00","author":"Allan Odgaard","summary":"Update Objective-C snippets","body":"These are updated both to use new TextMate features (like multiple choice menus for types) and Objective-C features (like assuming ARC and returning instancetype from initializer)."},{"commit":"a54f949fcee4d2a93cc1124b2c205b3bea7d87eb","date":"2016-10-10T15:28:40-04:00","author":"Ronald Wampler","summary":"Add new &quot;class&quot; property keyword"},{"commit":"2fc124a68a66018bedcf75ed8fd74d92acdb483f","date":"2016-09-27T09:06:23+02:00","author":"Allan Odgaard","summary":"Fix sort/uniq of completion results","body":"The current code was sorting on the filter string, but for methods with multiple arguments, the filter string does not contain the parameter names even though they are part of the display string.\n\nThe code to prune duplicates may have worked, but it assumed a sorted list, which was not always the case.\n\nI moved sorting to the show_dialog function and made a (syntactically) simpler uniq function."},{"commit":"7527bfe34ddee2a5172ee53414fd143d0152deef","date":"2016-09-06T18:04:17+02:00","author":"Allan Odgaard","summary":"Update completion tables using MacOSX10.11.sdk"},{"commit":"126cf447a2c08cd0eae9e4b255670f1ebe2471b1","date":"2016-09-06T17:22:15+02:00","author":"Allan Odgaard","summary":"Always place functions in the grammar repository","body":"Currently the C and Objective-C grammars expect the functions to be in the repository for the C platform functions but not the Objective-C platform functions, this is a little inconsistent, so since having the functions in the repository is the most flexible, this is what we choose.\n\nThis commit also include the required change to the Objective-C grammar."},{"commit":"86c554ecf50df40392d5aaa8ed4a0d7f1669879a","date":"2016-09-06T14:53:12+02:00","author":"Allan Odgaard","summary":"Add the code used to generate Platform.tmLanguage"},{"commit":"e93c6c886957611849ac3490ead0861c7ea10cf2","date":"2016-09-06T14:43:53+02:00","author":"Allan Odgaard","summary":"Update symbols using MacOSX10.11.sdk","body":"We now include `Platform.md` so that it’s easier to see what changed since last generation (mainly to ensure we are not missing symbols or similar)."},{"commit":"583d31f6734589a6ea1e2da1be9da57cf25a63f9","date":"2016-08-08T12:38:04-04:00","author":"Jason Wray","summary":"Add `nullable` and `nonnull` to property keyword list"},{"commit":"3ae0213a9e1580821e12c1fde28cda3641bd0ca4","date":"2016-02-03T16:07:18-05:00","author":"Ronald Wampler","summary":"Allow any amount of whitespace between the receiver and message","body":"Also use &#39;\\s&#39; to account for other whitespace characters."},{"commit":"1bade8a1c919c358fc4a6d83ba93e98e419ffede","date":"2015-02-05T23:50:54+07:00","author":"Allan Odgaard","summary":"Add syntax highlight for the typedefs in NSObjCRuntime.h","body":"This is where NS[U]Integer is defined."},{"commit":"8387be8975e47cd8e4314cb197e4fc2834159807","date":"2015-02-02T18:34:24+07:00","author":"Allan Odgaard","summary":"Support Obj-C placeholders in C strings appended to Obj-C strings","body":"Closes #7."},{"commit":"33c6be4028e8c52191d84b23773021c17db3de99","date":"2015-01-21T23:08:27+07:00","author":"Allan Odgaard","summary":"Use tabs instead of spaces in autorelease <kbd class='tabTrigger'>pool⇥</kbd> snippet"},{"commit":"4ffc26266653449a06bbc08648d12c694090de78","date":"2015-01-19T10:24:37-05:00","author":"Ronald Wampler","summary":"Add &quot;atomic&quot; to property keyword list"},{"commit":"d66de9b4fcfcaf53e64cc05fed0cf66c6980c9b2","date":"2014-12-18T02:48:09-06:00","author":"Michael Sheets","summary":"Use explicit count modifiers","body":"The `{,N}` extension is not supported by most Regexp engines, as it is\nan Onigurma-only extension."}],"name":"Objective-C"}