{"commits":[{"commit":"ca69ff6ab9c939d14930a2a8aa7624c77e301527","date":"2016-09-14T08:34:43+02:00","author":"Allan Odgaard","summary":"Refresh gutter on SCM changes","body":"Requires TextMate 2.0-beta.12.12"},{"commit":"fff73b99a0b18d02f26993d0f705bbe9a096297f","date":"2016-08-10T12:46:49-05:00","author":"Michael Sheets","summary":"Disable external diff programs","body":"This would open the external program on save, setting the `no-ext-diff` disables this feature."},{"commit":"834509ff3dc76ceb24d7ddc69d5026dcf125b7bb","date":"2016-06-10T22:04:25+02:00","author":"Allan Odgaard","summary":"Ignore /usr/bin/git if /usr/bin/xcode-select -p fails","body":"On recent OS versions the /usr/bin/git executable will prompt the user to install git (if Xcode is not already installed) which can cause some user confusion, so we now avoid using /usr/bin/git unless Xcode is installed."},{"commit":"da4f506d5e85ab048d68b0239a73797921244684","date":"2016-05-30T22:28:17+02:00","author":"Florian Pircher","summary":"Use circle as image for changed state","body":"Previously it was difficult to tell the added and the changed image apart, especially when scrolling through source code."},{"commit":"438ffabc84a70a5e244c98d8883223e9307c0a1c","date":"2016-05-30T14:32:10+02:00","author":"Allan Odgaard","summary":"Rename images to have “Template” suffix","body":"This is required starting with TextMate 2.0-beta.9.3."},{"commit":"7205662d53180a4fc8e47024a4b4c7f0b73a2ddd","date":"2016-05-30T12:21:27+02:00","author":"Allan Odgaard","summary":"Setup SCM marks when opening a document","body":"Previously we would only update marks when saving a document.\n\nCurrently TextMate will also call our command when creating a new untitled document (in a project which use SCM) so we have to exit early if there is no file name.\n\nRequires TextMate 2.0-beta.9.3"},{"commit":"151aa99f8851cc929d9b94bace9d1f23218c6d70","date":"2014-12-06T15:18:57+07:00","author":"Allan Odgaard","summary":"Explicitly disable color output when asking git for diff"},{"commit":"a84751a2e279dfd24eb1e8707bdb8ba1469a8ba6","date":"2014-10-20T23:14:35+02:00","author":"Allan Odgaard","summary":"Don’t perform anything if TM_SCM_NAME is unset","body":"Fixes #3"},{"commit":"2228d73135b54aec822b46699d8a230927097a36","date":"2014-10-17T13:50:29+02:00","author":"Allan Odgaard","summary":"Simultaneously clear old and set new marks to avoid flash","body":"Requires TextMate 2.0-beta.3"},{"commit":"f03686cf30d1aee309325e2f105cc9e2d8751c2a","date":"2014-10-16T14:24:13+02:00","author":"Tuk Bredsdorff","summary":"Generalized the diff command so it also works for Mercurial."},{"commit":"33cb6125821baf4beac88e65b678b56d556116c6","date":"2014-10-16T13:29:59+02:00","author":"Tuk Bredsdorff","summary":"Rename bundle to SCM Diff Gutter"},{"commit":"4dd5f8627a664de8d7da7789406e92f5b034cb8c","date":"2014-10-15T21:11:04+02:00","author":"Allan Odgaard","summary":"Initial commit","body":"Requires TextMate 2.0-alpha.9575."}],"name":"SCM Diff Gutter"}