{"commits":[{"commit":"601c85b3abefe6c941227b8898da0b6f68f56d82","date":"2016-05-22T10:12:53+01:00","author":"Mike McQuaid","summary":"Shorten description."},{"commit":"c82bf29d9c1dceadfb7917fb43c46a76a52c3b03","date":"2016-05-17T09:58:38+01:00","author":"Mike McQuaid","summary":"Migrate more font preferences from main bundle."},{"commit":"8ebaf0d1a52117371aa464b7d63306b71968e963","date":"2016-02-12T13:57:06+00:00","author":"Mike McQuaid","summary":"Initial commit"}],"name":"Markdown (GitHub) Font Settings"}