{"commits":[{"commit":"86cdc683a399e0cc2d638b3801ad3547357b6b50","date":"2016-09-18T05:11:32-05:00","author":"Michael Sheets","summary":"Add scope and remove shortcut for godef","body":"This command was missing a scope and the scope conflicts with the built-in duplicate file command."},{"commit":"7c6d353794d0506addee68476bd3e3d9e59fb833","date":"2016-09-16T17:47:37-05:00","author":"syscrusher","summary":"Fix documentation. No newlines in tables."},{"commit":"f62b6ac0d81e7d4076ce15325f6e3a4b3f1a949a","date":"2016-09-16T17:44:24-05:00","author":"syscrusher","summary":"Add basic help command. Recommended by StyleGuide. Doesn&#39;t include commands and snippets because the documentation currently uses GitHub syntax for tables, which TextMate doesn&#39;t render well."},{"commit":"08b5dd8e6458a752b793a7beec78e44e5024715d","date":"2016-09-16T17:41:05-05:00","author":"syscrusher","summary":"Update documentation"},{"commit":"a4e3b8e64c73a2e9fe7c1083cf2ebe353f58083f","date":"2016-09-16T17:32:21-05:00","author":"syscrusher","summary":"Add github.com/alecthomas/gometalinter support, operates on package."},{"commit":"12337c1031944d15a81cece78c0929036fa430ea","date":"2016-09-16T16:26:49-05:00","author":"syscrusher","summary":"Add basic &#39;go vet&#39;, operates on package"},{"commit":"3d5f7b8daf84b62a6204100d089a6849baae70d4","date":"2016-09-16T16:24:28-05:00","author":"syscrusher","summary":"Clarify documentation and def commands"},{"commit":"8085eba171fe8f5883eb2d6e3802980529aa06ec","date":"2016-09-15T14:36:33-06:00","author":"taterbase","summary":"Re-escape necessary operators in Commands/Complete.tmBundle (fixes autocomplete)"},{"commit":"4f925686f9d188e4c2a1c4abada1d5278569a440","date":"2016-09-15T12:23:44-05:00","author":"syscrusher","summary":"Fix gomate.rb quote"},{"commit":"6ff13b967cebae6da22eb0dd3ef5ad585a2190cc","date":"2016-09-14T21:16:18-05:00","author":"syscrusher","summary":"Merge PR #33 by taterbase, 5af51ecdf244df6cff9201502c260572377e637f Add godef support"},{"commit":"7a723165c85fa2b24517117e69160f22f8ab899e","date":"2016-09-14T20:58:54-05:00","author":"syscrusher","summary":"Merge PR #32 by taterbase, 6ab0a5beb90a174c50df46c282bd655fce75053b","body":"- altered Imports to use bash command\n- removed gofmt and goimports from gomates.rb\n- added script to set GOPATH for bash commands\n- fixed package awareness bug when using goimports for gofmt"},{"commit":"5af51ecdf244df6cff9201502c260572377e637f","date":"2016-09-14T11:17:27-06:00","author":"taterbase","summary":"add godef"},{"commit":"6ab0a5beb90a174c50df46c282bd655fce75053b","date":"2016-09-14T00:15:29-06:00","author":"taterbase","summary":"Clean up gomate.rb","body":"- removed gofmt from gomates.rb\n- removed goimports from gomates.rb\n- altered Imports to use bash command\n- added script to set GOPATH for bash commands\n- fixed package awareness bug when using goimports for gofmt"},{"commit":"e84addd63f95f48576f311ce8187f4674fae5aa0","date":"2016-08-19T21:39:51-05:00","author":"syscrusher","summary":"Cleanup and documentation. Remove unnecessary escaping. Additional note about ENV vars. Remove Ruby 1.8 dependency for gomate."},{"commit":"2491b6092e99358300fd1497618fda5f70d17393","date":"2016-08-19T13:38:21-05:00","author":"syscrusher","summary":"gomate: remove unused imports (escape, ui, web_preview, tm/require_cmd). add explicit tm/process import (previously included through tm/executor)."},{"commit":"dcd0edd28650b778f39c30d775b39a462da5101c","date":"2016-08-18T20:02:50-05:00","author":"syscrusher","summary":"Remove unused require_cmd include again. Substitute necessary escape_codes include. Unify import quotation method and organization...","body":"-require ENV[&#39;TM_SUPPORT_PATH&#39;] + &#39;/lib/ui.rb&#39;\n+require ENV[&#39;TM_SUPPORT_PATH&#39;] + &quot;/lib/ui.rb&quot;\n require ENV[&#39;TM_SUPPORT_PATH&#39;] + &quot;/lib/escape.rb&quot;\n-require ENV[&#39;TM_SUPPORT_PATH&#39;] + &quot;/lib/tm/require_cmd.rb&quot;\n-require ENV[&#39;TM_SUPPORT_PATH&#39;] + &quot;/lib/tm/htmloutput.rb&quot;\n+require ENV[&#39;TM_SUPPORT_PATH&#39;] + &quot;/lib/exit_codes.rb&quot;\n require ENV[&#39;TM_SUPPORT_PATH&#39;] + &quot;/lib/web_preview&quot;\n+require ENV[&#39;TM_SUPPORT_PATH&#39;] + &quot;/lib/tm/htmloutput.rb&quot;"},{"commit":"2a503ab09fd0c8bbe75bb0090880d9b6b0afd7a8","date":"2016-08-18T19:42:02-05:00","author":"syscrusher","summary":"Revert &quot;Remove unused require_cmd library include (#28)&quot;","body":"This reverts commit 02d18b2c22cf1886dbb6c276e4f601f0adb29d69."},{"commit":"02d18b2c22cf1886dbb6c276e4f601f0adb29d69","date":"2016-08-16T10:33:48-05:00","author":"Michael Sheets","summary":"Remove unused require_cmd library include (#28)","body":"This was missed in d092aba5ae2ad66657faaab6b310465073436f33."},{"commit":"b19d188eeb3d027cbfd404591562118f18ccf783","date":"2016-06-06T23:00:07-05:00","author":"syscrusher","summary":"Feature: Improved, expanded documentation coverage. Now includes all variables and types. Adds new dependency: `go get -u github.com/zmb3/gogetdoc`. Requires Go 1.6+."},{"commit":"e932933bf1885bc0359f7786c4897523d5cb3368","date":"2016-05-25T02:44:55-05:00","author":"syscrusher","summary":"Project: Move to continuous releases from master without version numbers."},{"commit":"4e69ce68d8cd26fec695b07738e677677c0bbc63","date":"2016-05-25T02:05:24-05:00","author":"syscrusher","summary":"Feature: Completions include current package. Pass along path to current file and gocode handles the rest."},{"commit":"d8c0e1fe807ba02a6d5384991001c592b5848389","date":"2016-05-25T02:02:54-05:00","author":"syscrusher","summary":"Feature: Completions include $GOPATH. Previously we were not reasonably parsing and passing $GOPATH along to gocode."},{"commit":"aa8d01686e81ee6ffbeee2b7535ab6f6e1e5e5af","date":"2016-05-25T01:56:47-05:00","author":"syscrusher","summary":"Bugfix: Actually utilize TM_GOCODE in completions."},{"commit":"ce970fd967330a52bee8f84a59822547171509a3","date":"2016-05-25T01:54:19-05:00","author":"syscrusher","summary":"Bugfix: Restore ruby18 for gomate.rb. lib/ui requirement."},{"commit":"6fd548c96d183b4932a674379537c5e12e03025e","date":"2016-05-23T17:00:23-05:00","author":"syscrusher","summary":"Release 3.5.1"},{"commit":"59c296e56447eec8e0053b699865ca2ba4c5c30b","date":"2016-05-23T16:58:49-05:00","author":"syscrusher","summary":"bugfix: complete command requires ruby18. Fixes issues #27."},{"commit":"d95f487c50304a85587c77a24754be6293a3c327","date":"2016-04-10T16:31:29-05:00","author":"syscrusher","summary":"Release v3.5.0"},{"commit":"dd5f60822da08ff1c956e722a9ef54bfad0b84e7","date":"2016-04-10T15:37:04-05:00","author":"syscrusher","summary":"Partial fix for issue #26: Remove Ruby18 dependency where possible. Most of the bundle is compatible with greater ruby versions, except the &#39;Open Package&#39; command. That will be addressed in another commit."},{"commit":"ea01788ba80c30d5fb353d99f63332cd1e7d0dc0","date":"2016-04-10T15:14:19-05:00","author":"syscrusher","summary":"Fix issue #23: &#39;cannot import absolute path&#39; error on build/install."},{"commit":"82d13cea3a3c67b3584a62a3fae7f34f6fefd641","date":"2015-12-31T11:38:26-08:00","author":"Josh Lubaway","summary":"A more helpful struct snippet","body":"    struct {\n      member\n    }\n\nvs.\n\n    type Foo struct {\n      Bar string\n    }"},{"commit":"6e3d2294ffd7df69e4a6fc778fdbb2864cb1ea4c","date":"2015-12-21T19:00:00+01:00","author":"Adam Strzelecki","summary":"Grammar: Fix var x = init(...) highlighting","body":"This fixes change introduced in a8328ab956a3f43b4aab72f860cc1eed3a7ecd1e that\nwas adding type highlighting in `var x Type`. However the rule (.*)\\s*(?:=|$)\nwas greedy consuming everything until `=` or `$` (end of line). As a\nconsequence it was effectively matching everything till end of line, consuming\nalso `=` and everything that follows, resulting incorrect highlight, for eg.:\n\n  var addr = flag.String(&quot;addr&quot;, &quot;:8080&quot;, &quot;TCP address to listen to&quot;)\n\nNow replacing RE to use lazy (non-greedy) (.*?)\\s*(?:=|$) rule."},{"commit":"7cb7593b5768e118854b72534c0a3e8077561086","date":"2015-12-18T21:41:24-06:00","author":"syscrusher","summary":"v3.4.0"},{"commit":"d1d3a8018d4c0e3eed14288dff38d4e32f5d0e1e","date":"2015-12-12T15:04:52+02:00","author":"Sergey Mudrik","summary":"Don&#39;t save document before completion"},{"commit":"4fa99bf63b24e386760d6a313aa15473d8b1a4e5","date":"2015-12-11T10:18:27-05:00","author":"Ronald Wampler","summary":"Mention TM_GOIMPORTS and TM_GOLINT in README"},{"commit":"197a72fd128d574e5ec907ec55f51d72c3e163bc","date":"2015-12-07T23:44:09+01:00","author":"Adam Strzelecki","summary":"New HTML (Go) grammar for Go HTML templates","body":"Includes support for indention and folding. More information about Go HTML\ntemplates can be found at:\n\n  https://golang.org/pkg/html/template/"},{"commit":"b4427d9df7be869965d7008b86b47d3534fb3f72","date":"2015-12-04T14:34:44-05:00","author":"Ronald Wampler","summary":"Use requiredCommands for goimports and golint"},{"commit":"9f4fca8be6e6d3ffb99c6e23aa193a30ac075627","date":"2015-12-01T16:05:53-08:00","author":"Will Faught","summary":"Add a note about environment variables"},{"commit":"4372808d35a64b7934575c0572d0b7de3108cc14","date":"2015-09-18T21:38:27-05:00","author":"Tomasz Grodzki","summary":"REDO: Remove leading path separator (:) from GOPATH","body":"If TM_GOPATH was not set, the resulting GOPATH was starting with\ncolon (i.e. &quot;:$GOPATH&quot;), which was causing troubles in go1.5\n\nReapply cherrypick of efa0658a654698577562f1ec2909b9d2f77bfad1 from tg.\nPreviously attempted in cf4a25062bf453ca1a46a4ad7ef7ff01740f350b,\naccidentally overwritten in 26538901bcb6253660bf4fab52dbc336ed984e2c.\nIssue identified by tg in https://github.com/syscrusher/golang.tmbundle/issues/17."},{"commit":"4eb174d9c9ac14bb81f3a214122b71e1ad58416b","date":"2015-11-30T20:57:29+01:00","author":"Adam Strzelecki","summary":"Grammar: All scope names should end with .go"},{"commit":"04083c428fd8ca75c9483e9a8ac09421e67b9d29","date":"2015-11-30T20:56:56+01:00","author":"Adam Strzelecki","summary":"Grammar: Understand type declaration"},{"commit":"25ea2b5e731d49c54e6553c4b6c3692bad6ae014","date":"2015-11-27T13:41:07-06:00","author":"syscrusher","summary":"v3.3.0"},{"commit":"d2b0efdfc1206d72c058875d2956f9052ee81a59","date":"2015-11-27T13:24:07+01:00","author":"Adam Strzelecki","summary":"Grammar: Mark types in function declarations"},{"commit":"a8328ab956a3f43b4aab72f860cc1eed3a7ecd1e","date":"2015-11-27T13:22:51+01:00","author":"Adam Strzelecki","summary":"Grammar: Mark types in `var x Type` &amp; `x := Type{`"},{"commit":"4fd348f65fc9ddcb48cdc6437a00f10125c68192","date":"2015-11-27T12:38:15+01:00","author":"Adam Strzelecki","summary":"Grammar: Use uniform indent for multi-line RE"},{"commit":"f0705089034f353f65ce3b0a2544296c5121bd2e","date":"2015-11-27T12:00:37+01:00","author":"Adam Strzelecki","summary":"Grammar: Simplify &amp; shorten regexes","body":"1. [[:alnum:]_] -&gt; \\w\n2. [[:blank:]]  -&gt; \\s\n3. [:digit:]    -&gt; \\d\n4. Remove excessive (?: ... )"},{"commit":"88bbe651383a8eeaca1f0b38d0c625bbe4dc427b","date":"2015-11-27T11:38:09+01:00","author":"Adam Strzelecki","summary":"Grammar: Fix scope identifiers to allowed ones","body":"See:\n\n* Bundle Development -&gt; Language Grammars -&gt; TextMate Scopes\n\n* https://gist.github.com/lcaballero/5035909#file-tmlaguage-syntax-keys-L2307"},{"commit":"6eac77254101eac2d325bc729b633f243865d87b","date":"2015-11-26T21:32:40+01:00","author":"Adam Strzelecki","summary":"Use scale independent PDF completion icons"},{"commit":"93b92808eb391c2713447b90efb2d1feafc2e3ca","date":"2015-10-18T12:09:29-05:00","author":"syscrusher","summary":"v3.2.1"},{"commit":"6201a07c52595cc48f60691eedca973a8121152a","date":"2015-10-18T14:12:06+03:00","author":"Sergey Mudrik","summary":"Changed icons for completion menu to HiDPI version"},{"commit":"f7e24e69d6d099597757754c7097670bd76fac31","date":"2015-10-18T12:54:20+03:00","author":"Sergey Mudrik","summary":"New path to godoc","body":"Fixed warning:\r\n```\r\nwarning: code.google.com is shutting down; import path code.google.com/p/go.tools/cmd/godoc will stop working\r\nthe code.google.com/p/go.tools/cmd/godoc command has moved; use golang.org/x/tools/cmd/godoc instead.\r\n```"},{"commit":"0fa56a57877e7e947ac338c34438e3c906e430aa","date":"2015-10-14T14:14:21-07:00","author":"Marcus Kazmierczak","summary":"Fix duplicate `go get` in imports statement"},{"commit":"26538901bcb6253660bf4fab52dbc336ed984e2c","date":"2015-09-19T00:05:43-05:00","author":"Fred McCann","summary":"support for dynamic gopath, package, and package path; display package as TM noun where appropriate; support for golint + goimports","body":"Cherrypick febf522da65f019057938edba7e30df273bff068 from fmccann, plus additional hand merges from the launchpad project"},{"commit":"8e6a71b1f8e986b7644c3286c1f4c538dc1345ec","date":"2015-09-18T21:38:41-05:00","author":"Tomasz Grodzki","summary":"Automatically format document on save","body":"Cherrypick 57e93767c35569eb724d7e2a28a73b695227d5f5 from tg"},{"commit":"998d17a9f8024b2c6571f242d2d93f44723c3e87","date":"2015-09-18T21:38:34-05:00","author":"Tomasz Grodzki","summary":"Fmt updates document without saving the current version","body":"When running Fmt command, the file is not being saved before formatting,\njust the window content is being replaced. Errors show in a tooltip.\n\nCherrypick 8d91c92149937be11d1cf8f6c11fe15d49585f81 from tg"},{"commit":"cf4a25062bf453ca1a46a4ad7ef7ff01740f350b","date":"2015-09-18T21:38:27-05:00","author":"Tomasz Grodzki","summary":"Remove leading path separator (:) from GOPATH","body":"If TM_GOPATH was not set, the resulting GOPATH was starting with\ncolon (i.e. &quot;:$GOPATH&quot;), which was causing troubles in go1.5\n\nCherrypick efa0658a654698577562f1ec2909b9d2f77bfad1 from tg"},{"commit":"1ba2d79504caf4e30a9b5b0d2cd25ee8e01059d2","date":"2015-02-04T19:27:38-06:00","author":"syscrusher","summary":"change readme credits to links"},{"commit":"375d303cba4850fecad282ac3a1e0ad73acd493d","date":"2015-02-04T19:20:11-06:00","author":"syscrusher","summary":"Update to 3.1.0"},{"commit":"d3f09ee3bbe5fba76964e1bdc23e7d7247b733ee","date":"2014-12-15T22:05:22+01:00","author":"Tomasz Grodzki","summary":"Run all non-run commands against current directory.","body":"This doesn&#39;t assume any directory structure and allows for building\npackages outside of the GOPATH."},{"commit":"4809d74ea36654bdd9a2475ded6f729eb3082b65","date":"2014-12-15T22:01:35+01:00","author":"Tomasz Grodzki","summary":"Allow to run and build programs from unsaved (untitled) file.","body":"TM_DIRECTORY is not set when file is not saved. In such the case we&#39;ll\nrun all commands against the absolute filepath to the temporary file."},{"commit":"ead451fa74a98628ddeb50ab6d901be18b60bba7","date":"2014-11-29T14:04:16-08:00","author":"Josh Lubaway","summary":"Add a `fmt.Fprintf` snippet.","body":"To activate type `fmt.` followed by `&lt;tab&gt;`. yields:\n\n    fmt.Fprintf(w, &quot;Hello World!&quot;)"},{"commit":"f73850c2774b1bbe6c7ecec40e4bbbb376fa1225","date":"2014-10-25T16:29:21-07:00","author":"Josh Lubaway","summary":"Add a `fmt.Print` snippet."}],"name":"Go"}