{"commits":[{"commit":"bb317eea552d7a3fece63b9dcc5c61107d7e2a95","date":"2016-08-30T23:48:51-05:00","author":"Michael Sheets","summary":"Cleanup info.plist"},{"commit":"66b70b78697b7b687de65005dc9f64a9d88dc790","date":"2016-08-30T22:32:23-05:00","author":"Michael Sheets","summary":"Move items to Diff bundle","body":"These items are being moved to the Diff bundle and having their scope widened to work outside of Subversion repositories."},{"commit":"bf1a589b20587193dca7cd3b6bef53de8c8cb520","date":"2016-08-29T02:43:42-05:00","author":"Michael Sheets","summary":"Move erb_streaming library into bundle","body":"This was originally in the Bundle Support bundle but was only ever used in this single command."},{"commit":"8e08e627b8057798610f777b2cf00fea0b67c221","date":"2015-03-19T13:15:05+07:00","author":"Allan Odgaard","summary":"With no selection we update entire project","body":"Previously we would fallback to current document, when nothing was selected in the file browser.\n\nThis seemed consistent with the Add, Remove, and Revert commands, though for updating, we generally do want to batch update, and limiting a command to current file can easily be done using <kbd class='keyEquivalent'>⌃⌘R</kbd> (select current document)."},{"commit":"da41a9c9038254a9a2339a5a641b1b3afe2e2665","date":"2014-11-20T02:09:46-06:00","author":"Michael Sheets","summary":"Switch to using &#39;Hair Space&#39; for menu selection control","body":"This changes the previously zero-width whitespace character used to control the menu item selected when typing a C with the menu open. The previous workaround became very visible on Yosemite, a hair space isn&#39;t absolutely invisible but almost so."},{"commit":"00ab2df517c6949e7eb3b2edce1ac33583779cf5","date":"2014-10-21T17:44:40-05:00","author":"Michael Sheets","summary":"Remove usage of event library","body":"This corrects a issue with a missing library on Yosemite."},{"commit":"df90fe9b46355c821049195f5cccb6058060d9cf","date":"2014-08-28T00:11:59+08:00","author":"Yuan","summary":"Correct order of params when using TM_SVN_DIFF_CMD to diff urls"}],"name":"Subversion"}