{"commits":[{"commit":"0fcf5f93fc7311c2857671754e350a00dd05060c","date":"2017-02-03T17:53:50+07:00","author":"Allan Odgaard","summary":"Use https for accessing Wikipedia"},{"commit":"536b48db9d3ba3d8c9e694abd64cd8caba2bc640","date":"2015-06-29T11:46:18-05:00","author":"Michael Sheets","summary":"Disable injection in regular expressions","body":"URLs in regular expression strings are less likely to valid and more likely to produce false positives. Reported in atom/language-perl#46"}],"name":"Hyperlink Helper"}