{"commits":[{"commit":"4f20bf6e8c02799a66ce18945570077e0f7abcde","date":"2017-01-11T14:25:24+01:00","author":"René Schwaiger","summary":"Citations: Ignore bibliography items without keys","body":"Before this change the command “Citation Based on Current Word” would\nfail, if a bibliography file contained a citation without a key such as\n\n```bib\n@misc {   , title = &quot;Missing Cite Key!&quot; }\n```\n\n. This was problematic, since some tools such as [JabRef][] allow users\nto save such bibliography entries.\n\n[JabRef]: http://www.jabref.org"},{"commit":"885bc1c8a1f540f900369e504d4f86b5625e593a","date":"2016-11-04T23:11:58+01:00","author":"René Schwaiger","summary":"Watch Document: Format file with Perltidy"},{"commit":"2d4b683b69104934aef4b4f9abbdc124dcd18fca","date":"2016-11-04T23:09:33+01:00","author":"René Schwaiger","summary":"Watch Document: Update TextMate Identifier"},{"commit":"a04053ee4e75c61bb1b1059f7b36c77517d7ddd5","date":"2016-12-04T17:31:54+00:00","author":"Robert Milton","summary":"Tidy Sectioning Commands","body":"Tidying removes blank lines.\nThis amendment re-inserts two blank lines before each \\section,\nand one blank line before each \\subsection."},{"commit":"c8435c73a73cc6e58f2bb8fd4f90a72222b6dc5a","date":"2016-11-29T18:10:06+00:00","author":"Robert Milton","summary":"Tidy Labelled Environments","body":"A little hack to restore \\labels adjacent to\n\\begin, \\end, \\section and suchlike.\nThis is so appropriate \\labels remain visible when code is folded.\nWithout the hack all \\labels get put on a separate line,\nhiding them \\labels when code is folded."},{"commit":"c6f58ba6da12052f75a1aae0b2d4d58c30d99671","date":"2016-08-30T16:32:51+02:00","author":"René Schwaiger","summary":"Completion Commands: Properly locate `.bib` files","body":"Before this commit the completion commands were unable to locate\nbibliography files within the TeX tree. This problem was caused by a\ncall to `kpsewhich` where we only provided the filename of the\nbibliography file without its extension (`.bib`)."},{"commit":"30c428ecacac34314bd8ab7e632af3c45d47f8af","date":"2016-08-19T12:53:57+02:00","author":"René Schwaiger","summary":"Completion Commands: Locate files in subfolders","body":"Before this change completion commands such as “Label Based on Current\nWord…” could not properly locate files deep within the TeX folder\nstructure. This meant that the bundle would properly locate a TeX file\nsuch as `~/Library/texmf/tex/macro.tex`, but would fail if the file was\nlocated in the directory `~/Library/texmf/tex/latex`."},{"commit":"10b1fa94bff6f044e58917a4270979e07309ee2b","date":"2016-08-12T18:40:26+02:00","author":"René Schwaiger","summary":"“Watch Document”: Remove bundle cache file","body":"After this change “Watch Document” also removes the bundle cache file\nagain (`.filename.lb`), after we close the preview program."},{"commit":"4e298cdc27fd22588ae171f2a9504da178211b98","date":"2016-08-11T17:32:04+02:00","author":"René Schwaiger","summary":"“Reformat Table”: Handle brackets inside cells","body":"Before this change “Tables” &gt; “Reformat” would not format tables that\ncontain numbers inside bracket characters correctly.\n\nFor example: The command would transform the table code\n\n```tex\n\\begin{tabular}{ll}\n          1 &amp; [2]\\\\\n 3 &amp;     4\\\\\n\\end{tabular}\n```\n\ninto the following code\n\n```tex\n\\begin{tabular}{ll}\n1\n3 &amp; 4\\\\\n\\end{tabular}\n```\n\n. After the change the command now formats the table correctly:\n\n```tex\n\\begin{tabular}{ll}\n1 &amp; [2]\\\\\n3 &amp;   4\\\\\n\\end{tabular}\n```\n\n."},{"commit":"a52d6bf6f828b670b103072f5a9355727cf17799","date":"2016-07-16T20:34:00+02:00","author":"René Schwaiger","summary":"“Double Quotes”: Improve caret placement","body":"The command “Wrap Selection in” &gt; “Double Quotes” now places the caret\ninside the double quotes (``&#39;&#39;) if there is no selection. Before this\nchange it would place the caret after the quotes. This way you had to\nmove the caret two places to the left to insert text between the double\nquotes, which was certainly not ideal."},{"commit":"1a2e44c16daad6612e76b8199c64337d8eaf6109","date":"2016-06-29T17:56:58+02:00","author":"René Schwaiger","summary":"“Double Quotes”: Change shortcut to `^` + `&quot;`","body":"The new shortcut reflects the intention of the command – wrapping the\ncurrent selection in double quotes – a little bit better than the old\none."},{"commit":"8d905328c782d8e77809a5719766ddcc1c71f402","date":"2016-05-24T19:02:17+02:00","author":"René Schwaiger","summary":"Menu: Move item “Math”","body":"Before this change menu items related to the math environment were\nlocated in “Environments”→“Math”. Now they are directly accessible via\nthe main menu item “Math”."},{"commit":"a5c14e1ce9f29ceac4efd6578e03a12fe99e8cf8","date":"2016-05-22T16:30:17-04:00","author":"Max Willsey","summary":"Grammar: Make `lstinline` behave like `verb`","body":"The bundle supports the `verbatim` and `lstlisting` environments, the\n`verb` macro, but not the `lstinline` macro. This change fixes that by\nsimply treating `lstinline` just like `verb`. The bundle grammar now\ntreats symbols like `\\` and `$` – inside the `lstinline` macro – just\nlike other non special characters."},{"commit":"d2c4fb4caf436f83768c0030614030c9257d3ad0","date":"2016-05-09T10:20:52+02:00","author":"René Schwaiger","summary":"Merge “List” menu items","body":"Before this change we had two menu groups for commands concerning lists:\n\n  - “Environments” → “Lists” and\n  - “Lists”\n\n. Now we have only one: “Lists”."},{"commit":"1cc16712fae9bc295d85b918bd0980b809017c7f","date":"2016-04-13T09:52:31+02:00","author":"René Schwaiger","summary":"“Previous Cell”: Use shortcut `^` + `<kbd class='keyEquivalent'>⇧`</kbd> + `<kbd class='keyEquivalent'>⇥</kbd>`","body":"Before this change, the shortcut for “Previous Cell” was `^` + `⇤`\n(Reverse Tab). In theory we can enter reverse tab by combining `<kbd class='keyEquivalent'>⇧`</kbd> and\n`<kbd class='keyEquivalent'>⇥</kbd>`. However this procedure does not work in current versions of\nTextMate."},{"commit":"55940a506266533e76cd8489fce877e0417f19c6","date":"2016-02-28T11:50:05+01:00","author":"Markus Silberstein Hont","summary":"Fix broken file path formatting when viewing PDF in TM","body":"Calls to urllib.quote/urllib.parse.quote\n(python2 and 3, respectively), would crash for file\npaths containing special characters. Fix by utf-8 encoding\nthe file path."},{"commit":"c9af31ae14a05edd2dde55b3ebd321eefe1fc8a3","date":"2016-03-16T21:24:09+01:00","author":"René Schwaiger","summary":"“Watch Document”: Fix cleanup process","body":"“Watch Document” now properly removes auxiliary files, even if the\nfilename contains characters that have a special meaning inside a\nregular expression. For example, if you call your master file `[A →\nB].tex` and quit Skim, then TextMate will now remove auxiliary files\nsuch as `[A → B].aux`."},{"commit":"01739b3e643fe03727e75022a724be9edda01428","date":"2016-03-05T20:34:12+01:00","author":"René Schwaiger","summary":"“Help”: Remove page numbers from the TOC","body":"We use a single page for the whole document. Therefore the table of\ncontent shows that every part of the document starts at page 1. While\ntechnically correct, this is information is not very helpful 😀."},{"commit":"83de0daa296037b25738383ebd973576abc20dba","date":"2016-03-05T20:17:10+01:00","author":"René Schwaiger","summary":"“Help”: Use one continuous page for documentation","body":"Since we read the documentation on a computer it makes no sense to use\npage breaks."},{"commit":"c7806968b7b49f66946fec65643b39e1f72f714b","date":"2016-03-05T20:06:04+01:00","author":"René Schwaiger","summary":"“Help”: Document “Convert Symbols in Word”"},{"commit":"87397b7fac745bd0b871a5451489afac4fd0d0ee","date":"2016-02-25T20:27:55+01:00","author":"René Schwaiger","summary":"Add new command “Convert Symbols in Word”","body":"This command acts as replacement for the macro “Convert ASCII Symbol to\nLaTeX Command”. “Convert Symbols in Word / Selection” replaces special\ncharacters and certain sequences of characters with an equivalent LaTeX\nsymbol. It works either on the current selection, or – if there is no\nselection — on the current word.\n\nFor example, if you select the following characters:\n\n    &lt;=&gt; -&gt; → =&gt;\n\nand press `<kbd class='keyEquivalent'>⌘`</kbd> + `&amp;`, then TextMate replaces the selection with the\nfollowing LaTeX commands:\n\n    \\Leftrightarrow \\rightarrow \\rightarrow \\Rightarrow"},{"commit":"82986b93a4f4ae7aab52445d8b7742b9af635d05","date":"2016-02-12T18:37:16+01:00","author":"René Schwaiger","summary":"“Clean”: Fix HTML Output","body":"Before this change the output of “Clean” would be incorrect if the\nfilename of a TeX file in the current directory contained spaces. For\nexample: If the current directory contained the file `file with\nspaces.aux`, then “Clean” would display the following:\n\n   Removed file\n   Removed with\n   Removed spaces.aux"},{"commit":"cfa9b77b417e5c16f9156b0f46ada2829f4b219f","date":"2016-02-06T12:18:15+01:00","author":"René Schwaiger","summary":"“Clean”: Fix extension check","body":"Before this commit “Clean” removed files even if just the last\ncharacters of the filename matched one of the extensions specified in\n`auxiliary.yaml`. “Clean” therefore also incorrectly removed files such\nas `.fslckout` in addition to auxiliary files ending with `.out`. This\ncommit fixes #139."},{"commit":"ed94d3091501cfc6d9aa293ea241d1c0ad6c6395","date":"2016-01-05T12:55:54+01:00","author":"René Schwaiger","summary":"Fix Skim crash","body":"“Typeset &amp; View (PDF)” and “Jump to Current Line in Viewer” did not\nwork correctly if the user selected multiple lines. Instead of showing\nthe correct position in the PDF, the commands would just crash Skim.\nThis error was caused by `texmate` which called Skim&#39;s `displayline`\nwith an incorrect line number, such as `1-5`. The fixed version of\n`texmate` now just sends the first line number of the selection to\n`displayline`. For the previous example this is the number `1`."},{"commit":"6bc07c08a72092ceffb37c8a04f33077ab13c6a0","date":"2015-12-30T17:26:06+01:00","author":"René Schwaiger","summary":"LaTeX Memoir: Support extended headings","body":"The Memoir document class supports headings with two optional arguments\nauch as:\n\n    \\chapter[toc-name][header-name]{long-name}\n\nThis commit adds support for these extended headings. They will now\nshow up in the symbol list, if you use the grammar “LaTeX Memoir”. This\nchange fixes issue [#136].\n\n[#136]: https://github.com/textmate/latex.tmbundle/issues/136"},{"commit":"bb4edc2b6af0d95c2084511ce3afc324a9c83da5","date":"2015-11-20T18:06:26+01:00","author":"René Schwaiger","summary":"Disable format commands inside scope `source`","body":"Before this change it was possible to use the various format commands\nsuch as “Bold”, “Italic” and “Underline” inside source code. For\nexample, if we select the code `print &quot;Hi&quot;` and hit `<kbd class='keyEquivalent'>⌘`</kbd> + `B` inside a\nLiterate Haskell script, then the command “Bold” would surround the\ncode with the command `\\textbf`."},{"commit":"a510d20383748c3e186cf726f3d40c3c1140eb7f","date":"2015-11-20T17:39:07+07:00","author":"Allan Odgaard","summary":"Use file: scheme instead of (legacy) tm-file:"},{"commit":"0774651f8704700e3e2cd866f5a2bab8a5a06e53","date":"2015-11-02T16:49:41+01:00","author":"René Schwaiger","summary":"Use `TM_MATE` instead of `mate`","body":"“Typeset &amp; View (PDF)” now also works correctly if the current tex file\ncontains errors and the command `mate` is not accessible via `PATH`."},{"commit":"1a1edc68b9a5b2199bdbc3b6be78a4c9a4b20c5c","date":"2015-11-02T16:04:46+01:00","author":"René Schwaiger","summary":"Fix detection of binary dir in OS X 10.11","body":"Before this commit bundle commands that include `latex.rb` and call\n`kpsewhich` would not work correctly if `PATH` did not include the\nlocation of `kpsewhich`."},{"commit":"d40245e130abc81e0df5d7cb50f3bec995335b8c","date":"2015-10-10T17:01:07+02:00","author":"René Schwaiger","summary":"“Reformat Table”: Improve output","body":"- The command does not add a newline at the beginning of the formatted\n  table code any more.\n\n- The command now also ends the last line of the table code with double\n  backslashes."},{"commit":"d7b38fc37cb0cbd2adb78db98809db16fd1224c7","date":"2015-10-09T11:58:01+02:00","author":"René Schwaiger","summary":"Support additional quotation pairs","body":"We now support smart typing and highlighting for the following\nquotation pairs:\n\n- ‘’\n- ‚‘\n- «»\n- ‹›"},{"commit":"73b420b708a9a5cc9a414aa41c1b111365b6aab2","date":"2015-10-07T13:55:31+02:00","author":"René Schwaiger","summary":"“TeXcount”: Require `kpsewhich`","body":"Before this change “TeXcount” would not work if `PATH` did\nnot include the location of `kpsewhich`."},{"commit":"455dd905f7e867443b943aed058b0c891a49b062","date":"2015-09-17T11:38:12+02:00","author":"René Schwaiger","summary":"“Open Included Item”: Require `kpsewhich`","body":"Before this change “Open Included Item” would not work if `PATH` did\nnot include the location of `kpsewhich`."},{"commit":"b0cff43810a7af5c6c1f814082f81d224dac0bd7","date":"2015-09-16T14:36:36+02:00","author":"René Schwaiger","summary":"“Watch Document”: Fix cleanup of files","body":"Before this commit auxiliary files whose name contained special\ncharacters were not removed when the PDF viewer was closed."},{"commit":"5196c5506ffe10045ad1124c86deeb35558a578b","date":"2015-09-09T18:09:56+02:00","author":"René Schwaiger","summary":"Add “||” to the list of pairs"},{"commit":"1850771329c50dc26db9deb739831b2d48cad168","date":"2015-09-07T09:36:31+02:00","author":"René Schwaiger","summary":"Add german double quotes („“) to the list of pairs"},{"commit":"1414c51c50673f3ee7e375972eb1191def9a790c","date":"2015-09-06T09:04:43+02:00","author":"René Schwaiger","summary":"Add `.lof` and `.lot` to the auxiliary files"},{"commit":"53e1a3b0ea577255f28395f4c36b636ee983c7d4","date":"2015-09-06T08:53:56+02:00","author":"René Schwaiger","summary":"“Clean”: Also remove `.synctex.gz` files","body":"“Clean” would not remove `.synctex.gz` files any more since we switched\nto the new configuration system. This commit fixes this issue."},{"commit":"a0c76b5a1c93dbc29c4b0a8a745ad7ddac5e44f7","date":"2015-08-28T16:08:56+02:00","author":"René Schwaiger","summary":"“Create Table”: Left justify column text","body":"The old behaviour of centering text makes sense in some situations.\nHowever, most people probably want to start text on the left of the\ntable cell by default."},{"commit":"eab4072754b871b00156bef5cf7f17703d7d62ee","date":"2015-08-21T12:57:33+02:00","author":"René Schwaiger","summary":"“Tidy”: Add support paths for `latexindent`","body":"You can now use `latexindent` in “Tidy” without the need to change any\nconfiguration values except for `TM_LATEX_FORMATTER`. To use\n`latexindent` instead of `LaTeX_Tidy` just set `TM_LATEX_FORMATTER` to\nthe value `latexindent` (see “Help→Preferences→Environment Variables”)."},{"commit":"6358337b629fd9c17ac8c92f00e88859e6577d4f","date":"2015-08-19T23:45:46+02:00","author":"René Schwaiger","summary":"“Watch Document”: Add missing YAML library","body":"We add the module `YAML::Tiny` to the bundle again and use it to read\nthe auxiliary configuration file `auxiliary.yaml`. Before this change\n“Watch Document” would not work if the users Perl version did not\ninclude the module `YAML`."},{"commit":"23e622349857b2e2181201e510c84fcec8e909d6","date":"2015-08-18T19:36:51+02:00","author":"René Schwaiger","summary":"“Help”: Update PDF"},{"commit":"1b51e7f54db2cc4bb6af7278ed8b7c3b5ee1fa21","date":"2015-08-18T17:19:46+02:00","author":"René Schwaiger","summary":"“Show Outline”: Ignore includes containing hashes","body":"Hash signs are usually used as placeholders for arguments inside\nmacros. If we do not ignore `#`-signs, then we would potentially try to\nlink to files that do not exist."},{"commit":"dfaa027a18d50d36b6c0a3108fb99334d2cf4729","date":"2015-08-18T16:53:19+02:00","author":"René Schwaiger","summary":"“Create Table”: Add keyboard shortcut for checkbox","body":"You can now toggle “Tabular Only” via the keyboard shortcut `<kbd class='keyEquivalent'>⌥⌘T</kbd>`."},{"commit":"0e76b8f303936bcecdf7188d7fd00977fe3bca5d","date":"2015-08-18T16:23:48+02:00","author":"René Schwaiger","summary":"“Create Table”: Improve style of table","body":"We now use `\\bottomrule` instead of `\\toprule` at the bottom of the\ntable. We also separate the header with a `\\midrule` if the table\ncontains more than two lines."},{"commit":"d6eeb4c019fb46450ebcca7cd43823c4c524c760","date":"2015-08-18T15:53:23+02:00","author":"René Schwaiger","summary":"“Create Table”: Do not use italics in caption"},{"commit":"600f300da4b9ef4d29d57b75a083408a02539d69","date":"2015-08-17T21:07:32+02:00","author":"René Schwaiger","summary":"“Show Outline”: Fix broken file links","body":"Links to files that contain special characters in their name now work\ncorrectly."},{"commit":"7c2290afebb1fc25250f1eb408df66ccecc7c96b","date":"2015-08-17T19:57:22+02:00","author":"René Schwaiger","summary":"“Show Outline”: Handle missing included files","body":"The command will now display a tooltip containing a helpful error\nmessage if it could not locate an included file."},{"commit":"e54fbd3477115cdcea0a8c260640cab1a0c4ab5b","date":"2015-08-10T17:31:01+02:00","author":"René Schwaiger","summary":"“Command Completion”: Add documentation"},{"commit":"64438e8da2a62bdf6ed7257acedd917bdfefb28a","date":"2015-08-10T16:40:28+02:00","author":"René Schwaiger","summary":"Add new location for `kpsewhich`","body":"The newest version of MacTeX links tex programs to\n`/Library/TeX/texbin/` instead of the old location `/usr/texbin/`. This\ncommit adds this new location. Commands such as “Typeset &amp; View (PDF)”\nshould now also work with MacTeX 2015 under OS X 10.11 without\nrequiring you to change the environment variable `PATH` inside TextMate."},{"commit":"e622b1ba5ac023bca6ce0029ae163d75eda54f12","date":"2015-08-09T11:53:30+02:00","author":"René Schwaiger","summary":"“Create Table”: Use OS X&#39;s Ruby interpreter"},{"commit":"039c778603d69c317c6634d5b324d7b9f03c2042","date":"2015-08-08T16:18:42+02:00","author":"René Schwaiger","summary":"“Help”: Add documentation for “Create Table”"},{"commit":"ef30251d08ec75e480f7660bceb2962d5c4aea83","date":"2015-08-07T20:23:46+02:00","author":"René Schwaiger","summary":"“Create Table”: Add new user interface","body":"The old interface only showed a single line, where you could enter the\nnumber of rows and columns. The new interface uses separate text fields\nfor the number of rows and columns. The new interface also adds a\ncheckbox “Tabular Only”. This checkbox determines if the command\ncreates a table environment or only a tabular environment."},{"commit":"c14d54c4a92e0199228f93366377e169363b9d68","date":"2015-08-03T18:52:02+02:00","author":"René Schwaiger","summary":"“Create Table”: Allow creation of tabular env","body":"You can now create a tabular environment with “Create Table”. Just add\nthe character `t` at the end of your table specification. E.g.: If you\nwant to create a tabular environment with 4 rows and 2 columns, then\njust write down the text `4 2 t`, select it and invoke the command. The\nresult will be the following tabular environment:\n\n    \\begin{tabular}{cc}\n      r1c1 &amp; r1c2\\\\\n      r2c1 &amp; r2c2\\\\\n      r3c1 &amp; r3c2\\\\\n      r4c1 &amp; r4c2\\\\\n    \\end{tabular}"},{"commit":"13b34eed9be550d60be455e7e280e78a72158173","date":"2015-08-02T19:21:16+02:00","author":"René Schwaiger","summary":"“Create Table”: Use default value for # of rows","body":"The value for the number of rows is now optional. If you do not specify\nthe number of rows, then the command will just create a table with two\nrows. E.g.: If you select the text `4` and invoke the command, then it\nwill create a table with two rows and four columns."},{"commit":"3472122fa5d4d14dff5a616e8440476585da2133","date":"2015-08-02T19:00:47+02:00","author":"René Schwaiger","summary":"“Create Table”: Check for maximum size","body":"The command now only creates tables up to a sensible maximum size of\n100 rows and 100 columns."},{"commit":"ef0c0b0b38f2d69580f7d272d2bd7d3bc8f80561","date":"2015-07-30T22:43:39+02:00","author":"René Schwaiger","summary":"“Create Table”: Respect tab settings","body":"This commit introduces the following changes to the table (inside the\ntex file):\n\n- The command indents the table according to the current tab settings\n- All columns of the table have the same width"},{"commit":"9093f238f7af337f6fb63361ed9554deed941039","date":"2015-07-30T19:42:54+02:00","author":"René Schwaiger","summary":"“Watch Document”: Improve support for `minted`","body":"This change fixes a problem that occurred if a document included the\nminted package. Previously the script would sometimes refresh the\nviewer infinitely often, even if there were no changes to the watched\ndocument."},{"commit":"3cbdc456d78b51b31cb269985279642ed8457086","date":"2015-07-25T20:13:04+02:00","author":"René Schwaiger","summary":"Specify auxiliary files via config file","body":"Both “Clean” and “Watch Document” now read the configuration file\n`auxiliary.yaml` to determine which files they should remove. This new\nsystem makes it easier to extend the list of auxiliary files."},{"commit":"2620fcbac5a36684c7aa62a3dbff1649a9b66ea3","date":"2015-07-22T17:49:17+02:00","author":"René Schwaiger","summary":"Support the minted package for dropped code files","body":"If you drop a source file into your document then TextMate now creates\na listing environment for the minted package. For more information\nabout this feature, please see section “Drag and Drop” of the command\n“Help”."},{"commit":"46e4787bfac896fd2b2ad59b1b18278e6ca45fe1","date":"2015-07-22T16:51:47+02:00","author":"René Schwaiger","summary":"“Watch Document”: Update required commands","body":"We remove the required command `kpsewhich`, since `latex_watch` does\nnot call this command any more. We add `latexmk` to the list of\nrequired commands, since `latex_watch` uses this command since version\n3.0."},{"commit":"32c0f9dd0c70ea8db7938a9657d7c977b2bbd330","date":"2015-07-22T16:39:53+02:00","author":"René Schwaiger","summary":"“Watch Document”: Do not extend TEXINPUTS","body":"We used to do this to support “pdfsync”. New TeX distributions include\nsupport for the “pdfsync” replacement “SyncTeX”. This means we do not\nneed to support “pdfsync” any more."},{"commit":"534afc776db39f7f1fb304e07c0aadf26cb2366f","date":"2010-11-08T08:11:33-02:00","author":"russoedu","summary":"“Create Table”: Insert whole table environment","body":"Before this change the command would only create a `tabular`\nenvironment."},{"commit":"bd74b820b92cfd3afc0e55bb1897d09efd204a3a","date":"2015-07-14T16:53:38+02:00","author":"René Schwaiger","summary":"“Include Code Listing”: Use `lst:` prefix in label","body":"Before this change we used the label `code:`. This change adjust the\nbehaviour of the command, so it better fits the one shown by the other\nbundle commands."},{"commit":"c3cfccd4177b43a3ea4e3218ffc3fda3d9828577","date":"2010-11-08T08:11:33-02:00","author":"russoedu","summary":"New file drop command to insert code listings","body":"TextMate will now insert a new `lstinputlisting` command if you drag a\nsource file into your `.tex` document. For more information about this,\nplease take a look at the section “Drag and Drop” inside “Help”."},{"commit":"e4e05a7e22f14b068b381b4731454c39b0d6a832","date":"2015-07-12T19:25:43+02:00","author":"René Schwaiger","summary":"Update templates supplied by the bundle","body":"The goal was to keep them rather simple. They all set `xelatex` as\ntypesetting engine and include `polyglossia`. This lets us write\nextended characters such as `é` without having to escape them."},{"commit":"84af5bca0287d02540f870713720272a7b29c1fa","date":"2015-07-12T18:14:18+02:00","author":"René Schwaiger","summary":"Rename template files"},{"commit":"3683bde287e703627d4ba82857c9920409a029cf","date":"2015-07-12T15:57:26+02:00","author":"René Schwaiger","summary":"“Insert &gt; LaTeX Template”: Add bundle templates","body":"“Insert &gt; LaTeX Template” now also reads templates from the bundle.\nThis means you do not need to create the directory\n`~/Library/Application Support/LaTeX/Templates` anymore, if you just\nwant to use a template provided by the bundle."},{"commit":"3c12016917f7e339419be1df2d9256bc24ffc572","date":"2015-07-10T13:24:38+02:00","author":"René Schwaiger","summary":"Convert help text from Markdown to LaTeX","body":"“Help” now shows an extended version of the documentation in PDF\nformat. The new help document now also contains descriptive pictures\nand a more comprehensive description of the supported environment\nvariables."},{"commit":"a460389da64e92294c433b4ddfcb56189e58ce1e","date":"2015-07-10T13:09:25+02:00","author":"René Schwaiger","summary":"Allow leading spaces in `%!TEX style = snippet`","body":"You can now also use spaces after `%!` in this directive. This means a\ntemplate, that starts with `% !TEX style = snippet` is now correctly\ninserted as snippet by “Insert &gt; LaTeX Template”."},{"commit":"845f0ec121e9e39f86e2e470bfa490eeb4e4485d","date":"2015-07-10T10:28:19+02:00","author":"René Schwaiger","summary":"Fix selection order in “Preferences”","body":"Pressing `<kbd class='keyEquivalent'>⇥</kbd>` will now select the items of the preference window in the\ncorrect order."},{"commit":"4ccec559421fe6949ed90eced08c2de231760886","date":"2015-07-08T18:00:24+02:00","author":"René Schwaiger","summary":"“Watch Document”: Automatically set master file","body":"You can now configure “Watch document” to automatically set the master\nfile to the watched document. For more information about this feature\nplease take a look at the section “Environment Variables” of the\ncommand “Help”. The relevant text is located under the point\n`TM_LATEX_WATCH_SET_MASTER`."},{"commit":"16145d2d4db19dba967a318fe3f56e1ca5fe876c","date":"2015-07-08T10:58:50+02:00","author":"René Schwaiger","summary":"Improve layout of template window"},{"commit":"ef625afeb896401011d6680027e1cd724aaa5a69","date":"2015-07-08T10:20:33+02:00","author":"René Schwaiger","summary":"Make views in template window non-editable","body":"This change improves the usability of “Insert LaTeX Template”, since\nyou now can insert the template text directly by pressing enter. Before\nthis change pressing enter would let you change the name of the\ntemplate file inside the template window.\n\nThe preview of the template is now also non-editable. Before this\nchange you would be under the wrong impression, that you could edit\nyour template files inside the template window."},{"commit":"d0be4d95644ce9dcef83cf7619302bff18833a2d","date":"2015-07-08T09:59:41+02:00","author":"René Schwaiger","summary":"Update “Help” document","body":"We update the whole document with up-to-date information. The help text\nis now a little bit easier to read, since we split long sentences into\nsmaller ones. The document also uses passive voice less often. If you\ndecides to read the help text, then at least in theory this update\nreduces the risk of death by boredom slightly. We still do not\nrecommend to read the text in one sitting tough, since it is quite\nlong. Still, if you want to know more about the bundle, now might be a\ngood moment to open “Help”."},{"commit":"bbd223d104c7133d50925f4b2db74701110ab634","date":"2015-07-07T23:31:39+02:00","author":"René Schwaiger","summary":"Check “Use Latexmk” per default in the preferences","body":"After this commit the bundle should (finally) use `latexmk` per\ndefault, if the user did not change any of the preferences in the past.\nFor a reason behind this change, please take a look at commit\n[9f210b61](https://github.com/textmate/latex.tmbundle/commit/9f210b61)."},{"commit":"efc96af3040d6634bff57baf2a8f89d5af867ad0","date":"2015-07-07T23:03:51+02:00","author":"René Schwaiger","summary":"Improve layout of elements in preference window"},{"commit":"e67fd3eef48381eb47b9609478434ae37dc3b3a7","date":"2015-07-07T21:03:09+02:00","author":"René Schwaiger","summary":"Change label text in the preferences window","body":"Rename “Show pdf automatically” to the more natural “Show PDF\nautomatically”."},{"commit":"8eef3431120175112467e8d0c2694fc02a696678","date":"2015-07-06T21:14:33+02:00","author":"René Schwaiger","summary":"Remove `pdfsync` support file","body":"Modern LaTeX distribution use SyncTeX [1] to support PDF syncing. We\ntherefore do not need to provide this functionality via the `pdfsync`\npackage any more.\n\n[1]: http://mactex-wiki.tug.org/wiki/index.php/SyncTeX"},{"commit":"5e037d7319cdf1915fb3af9bb9f94ccc9da4cb39","date":"2015-06-29T15:06:05+02:00","author":"René Schwaiger","summary":"“Typeset &amp; View”: Improve output about # of errors","body":"The information about the number of errors and warnings is now correct,\nregardless of the number of errors/warnings. Before this change, this\ninformation would be grammatically incorrect if the number of errors or\nwarnings is 1. E.g. The command would display something like:\n\n&gt; Found 0 errors, and 1 warnings in 1 run.\n\ninstead of the grammatically correct\n\n&gt; Found 0 errors, and 1 warning in 1 run."},{"commit":"bf8579fb762927d2c793b36cb6cbbee534e6b247","date":"2015-06-29T11:37:02+02:00","author":"René Schwaiger","summary":"“Typeset &amp; View”: Ignore `#` signs in `input`","body":"“Typeset &amp; View (PDF)” will now ignore file paths that contain hash signs included via `input`. This is useful since `#` signs are used as placeholders in tex macros. This change means “Typeset &amp; View” will not display a warning for the non-existent file `Code/#1` for macros such as the following one:\n\n    \\newcommand{\\codeinput}[1]\n    {\n        \\begin{leftbar}\n            \\input{Code/#1}\n        \\end{leftbar}\n    }"},{"commit":"16077609fc18bba2b0351523ae5d6db17c89cccf","date":"2015-06-29T11:07:20+02:00","author":"René Schwaiger","summary":"Fix warning output of “Typeset &amp; View (PDF)”","body":"The command now displays the warnings about a non-existent included\nfile correctly. Before this change the warning was shown twice for each\nrun of “Typeset &amp; View”."},{"commit":"7d1a0280c9b09774e0fefb8ea36888fa32cae0ad","date":"2015-06-28T18:41:53+02:00","author":"René Schwaiger","summary":"Improve warnings about nonexistent master files","body":"Commands that use `latex.rb` — most of the completion commands — will\nnow display a label containing an error message if one of the files\nspecified via a `%!TEX root` directive does not exist."},{"commit":"a20438e8e491933e8cb878f4d8e3015594b135a7","date":"2015-06-02T08:19:18+02:00","author":"René Schwaiger","summary":"“Watch Document”: Remove Perl 5.14+ specific code","body":"`latex_watch` should now work under OS X 10.7 — which ships with Perl\n5.12 preinstalled — again."},{"commit":"665c73a999a86be849858f23f77666c870f3535c","date":"2015-05-27T19:35:27+02:00","author":"René Schwaiger","summary":"Be even less picky about `%!TEX` directive format","body":"- We now allow multiple spaces between the key and value of a `%!TEX`\n  directive.\n\n- You can now also use a lower case “e” in your `%!TeX` directives.\n\n- We also recognize the typesetting program set via `%!TEX program`.\n  Before this change we only allowed the key `TS-program` to specify\n  the typesetting engine.\n\nAll these changes were made to improve the compatibility with other TeX\nprograms."},{"commit":"bd56dcca4d626d5358111b7280d243fe352ed565","date":"2015-05-27T13:50:18+02:00","author":"René Schwaiger","summary":"Support `%!TEX root` directive in “Watch Document”"},{"commit":"95b6468c281b22d6d7f71fed7d4552ced1acf87c","date":"2015-05-27T12:14:48+02:00","author":"René Schwaiger","summary":"Add warning about `%!TEX root` loops to `latex.rb`","body":"Before this change the Ruby based completions commands displayed an\nrather obscure message if they were invoked in a file containing a tex\nroot loop. Now they show a nice text label informing the user about the\nloop."},{"commit":"8d2e14e0eb96704e0ff0e455861c9c8e5ecd9bfb","date":"2015-05-27T11:10:43+02:00","author":"René Schwaiger","summary":"Fix HTML output in case of “%!TEX root” loop","body":"Before this change “Typeset &amp; View (PDF)” would print out the same\nerror message twice if the tex root directives contained a loop."},{"commit":"e2dece6d68c2cea118b0857565793e7a3abbdc11","date":"2015-05-27T09:17:30+02:00","author":"René Schwaiger","summary":"Fix encoding error in “Typeset &amp; View (PDF)”","body":"Before this change the command would throw an error if the filename\ncontained extended characters and TextMate was used as PDF viewer."},{"commit":"544d586636c3d6190f851234c6ed2ced1243ad8f","date":"2015-05-27T08:41:22+02:00","author":"René Schwaiger","summary":"Use Skim as default viewer in “Watch Document”"},{"commit":"f185ba6ce90ce95bcba48403300aded4742f2cbf","date":"2015-05-24T17:13:37+02:00","author":"René Schwaiger","summary":"Add function `tex_directives`","body":"This function parses the tex directives of a certain file. It returns a\nhash containing all found directives."},{"commit":"45422842a524e5ecf0e5231f0b482cac3b031f22","date":"2015-05-24T17:12:36+02:00","author":"René Schwaiger","summary":"Be less picky about format of `%!TEX` directives"},{"commit":"c4073247ccc6a5cca2d4dd87ea0ab5fbbaaa0468","date":"2015-05-23T11:52:58+02:00","author":"René Schwaiger","summary":"Read only first 20 lines in `guess_tex_engine`"},{"commit":"b57679d3f93766bac91014efb217874376a30524","date":"2015-05-21T17:54:14+02:00","author":"René Schwaiger","summary":"Remove non-existent scope from LaTeX grammar"},{"commit":"81f5488cd987dc87e33d5f2a79bc6bae729b1ecb","date":"2015-05-12T11:39:23+02:00","author":"René Schwaiger","summary":"Remove `YAML::Tiny` library from the bundle","body":"We added `YAML::Tiny` when we tried to switch to `latexindent` as\ndefault tool used by “Tidy”. Since we switched back to “LaTeX Tidy” we\ndo not need the library anymore. If you still want to use `latexindent`\nto format your code, then you need to install `YAML::Tiny` manually."},{"commit":"6321750b15f3f309e75a4d523aab2481362bbc1e","date":"2015-05-11T22:17:49+02:00","author":"René Schwaiger","summary":"Ignore bundle cache file in “Clean”","body":"“Clean” now does not report that it removed the bundle cache file if it\nis the only file found by the command. This is useful, since otherwise\nthe command would always report that it removed the — newly created —\ncache file."},{"commit":"3120b19bf9b309cbf87bc84bf17027619d4112a3","date":"2015-05-09T21:30:20+02:00","author":"René Schwaiger","summary":"Clean files produced by the package `minted`","body":"“Clean” now also removes the auxiliary directory created by the package\n`minted`."},{"commit":"34ea5aa5917a4352d6e4370e03df554cdd790a43","date":"2015-04-27T12:34:28+02:00","author":"René Schwaiger","summary":"Add support for `pythontex`","body":"[PythonTeX](https://github.com/gpoore/pythontex) is:\n\n&gt; A LaTeX package that allows Python code entered within a TeX document\nto be executed, and the output to be included in the original document.\n\n“Watch Document” will now translate code included via the `pythontex`\npackage. “Typeset &amp; View” will do the same, if the option “Use Latexmk”\nis checked in the bundle preferences."},{"commit":"9f210b6103c6700a65ca5255c129626708a2d0df","date":"2015-04-27T12:25:00+02:00","author":"René Schwaiger","summary":"Set the option “Use Latexmk” by default","body":"We now assume that new users want to use `latexmk` to translate their\nfiles. Latexmk makes typesetting a document easier, since it\nautomatically invokes the various tools needed to translate a TeX\ndocument.\n\nThis change does not effect users that invoked “Typeset &amp; View (PDF)”\nsometimes in the past. All users can still change the value of “Use\nLatexmk” via the bundle preferences."},{"commit":"dd7a75d072260d82573f9ecc82d6bd1228ed1f8a","date":"2015-04-26T12:28:25+02:00","author":"René Schwaiger","summary":"Remove warnings reported by `perlcritic`"},{"commit":"6a68efa020d3102a11ce8f4b4bba32438b59266e","date":"2015-04-25T14:55:15+02:00","author":"René Schwaiger","summary":"Add support for `nomencl` package","body":"“Watch Document” will now automatically generate a nomenclature for\ndocuments that use the package `nomencl`. If you checked “Use Latexmk”\ninside the bundle preferences, then “Typeset &amp; View (PDF)” will also\nautomate this process."},{"commit":"d1311b86ecbf6a818b841933da83f0c4d5050a0a","date":"2015-04-21T07:43:58+02:00","author":"René Schwaiger","summary":"Ignore commented code in “Insert Citation/Label”","body":"The recent updates to the completion code in `latex` introduced a bug:\nEven commented code was used as input source.\n\nIf your document contained the following code `%\n\\bibliography{ponies}`, then “Insert Citation” would try to read the\ncontent of `ponies.bib`. This was especially problematic if the\nspecified file did not exist, since then the command would just display\na tooltip informing about the missing bibliography file."},{"commit":"0532e59d69e775520873851c4bf6343377f4cd28","date":"2015-04-16T11:20:01+02:00","author":"René Schwaiger","summary":"Fix error message in completion commands","body":"Before this change completion commands — such as “Citation Based on\nCurrent Word” — displayed a long and cryptic error message if an\nincluded file could not be found. Now these commands show an\ninformative tooltip containing the location of the non-existent\nfilepath."},{"commit":"52bed0cd3a455500ef620f083a3d2b78b789bdd4","date":"2015-04-01T13:21:48+02:00","author":"René Schwaiger","summary":"Improve heuristic for “Insert Citation/Label”","body":"We now display a list containing all labels/citations if the last\ncharacter of the word is `{`, `}`, `~` or `,`. Before we only did this\nif the current word was exactly one of those characters.\n\nThis means that we now get a full list of citations if we invoke\n“Insert Citation” in the code `“Some Article”~‸`. Before we would —\nwith high probability — get no citations at all, because we only\ndisplayed citations containing the current word `”~`."},{"commit":"3d27654cdd136ed8d45a37c39a9ac32cfb77518c","date":"2015-04-01T13:08:08+02:00","author":"René Schwaiger","summary":"Match combining characters in filename","body":"We now also allow combining characters as part of the filename when we\nsearch the log. This means that we also detect “file-line-error-style”\nmessages that contain file names such as `exposé.tex`."},{"commit":"3026afc8d42f37f5b4bd16fe00ec61834ba4f31d","date":"2015-04-01T13:05:52+02:00","author":"René Schwaiger","summary":"Use `splitext` to get rid of file extension","body":"This change allows us to properly remove file extension from files that contain special characters such as `é`."},{"commit":"2d7f2de81a1d147be67034e0a24aa64033d32954","date":"2015-03-30T11:56:15+02:00","author":"René Schwaiger","summary":"Rename “Check LaTeX (chktex)” to “Check LaTeX”"},{"commit":"461e21b776d18aee2603b85f0da897a7ac608b32","date":"2015-03-30T11:48:52+02:00","author":"René Schwaiger","summary":"Move “TeXcount” to “Project Management” menu"},{"commit":"3000cf9dfe4dd016256abb6105fcfe8b88ae4d43","date":"2015-03-30T11:45:07+02:00","author":"René Schwaiger","summary":"Move less used typesetting commands","body":"The following items are now accessible via the “Tools” menu group:\n\n- Clean\n- Create Bibliography\n- Create Index\n- Check LaTeX\n\nThis change was done to highlight the more important typesetting\ncommands and to make the main menu look less busy."},{"commit":"e9bdf04e834f1d7a41e9eb48c4e6064498450b2d","date":"2015-03-29T17:01:55+02:00","author":"René Schwaiger","summary":"Fix folding markers for sections","body":"Before this commit sections in a LaTeX command were not properly\nrecognized as foldable if they contained curly braces. For example:\nTextMate did not display a folding marker for the valid LaTeX code\n`\\chapter{\\textbf{Hi}}`."},{"commit":"488006195bbb0931d98e51012b54a0b2424a6824","date":"2015-03-29T13:24:47+02:00","author":"René Schwaiger","summary":"Fix insertion of multiple citekeys","body":"Inserting multiple citekeys into a cite environment via “Insert\nCitation” now works properly. If you write something like\n`\\cite{key1,‸}`, and then invoke the command it will now display a list\nof all citations, instead of showing no entries at all. After you\nchoose a cite key — say `key2` — you will now get the correct output of\n`\\cite{key1, key2}`. Before the command would overwrite the closing\ncurly bracket, leaving you with the syntactically incorrect\n`\\cite{key1, key2`."},{"commit":"e62abbff1bb3e82c40e71ac7ce8a6b0691d27607","date":"2015-03-26T10:14:57+01:00","author":"René Schwaiger","summary":"Use case insensitive search in completion commands","body":"We now use case insensitive regex search in “Label Based on Current\nWord / Selection…”, “Citation Based on Current Word / Selection…” and\n“Citation (Ref-TeX Style)”.\n\nThis means, that if the current word in your tex document is `bla`,\nthen invoking one of the aforementioned commands will not only search\nfor labels/citations containing the word `bla` but also for all case\ninsensitive versions of the word like e.g. `Bla` or `BlA`.\n\nTo *deactivate* this feature you need to set the variable\n`TM_LATEX_SEARCH_CASE_SENSITIVE`:\n\n1. Open Preferences→Variables\n2. Add the following variable: TM_LATEX_SEARCH_CASE_SENSITIVE\n3. Use whatever value you like. My recommendation would be to just\n   leave the value field empty.\n4. Select the checkbox on the left side of the variable"},{"commit":"39b0996782f37a150d6b0df2eb64996417d95c41","date":"2015-03-24T13:56:28+01:00","author":"René Schwaiger","summary":"Only invoke `kpsewhich` when we need to","body":"We now return the filepath for a file in `expand_name` directly if the\nfile exists in the current directory. This should improve the “startup”\nperformance of “Typeset &amp; View (PDF)”."},{"commit":"f8c2221b8b57806bf9106494345c6846151af992","date":"2015-03-24T10:46:36+01:00","author":"René Schwaiger","summary":"Add support for citation customization","body":"You can now change the format of the snippet used in “Citation Based on\nCurrent Word / Selection”.\n\nFor example: If you want to insert a reference of the form\n`\\cite[]{citekey}` where the caret is placed inside the square\nbrackets, then add the variable `TM_LATEX_CITE_SNIPPET` in\nPreferences→Variables. Set the value of the variable to\n`\\cite[\\$1]{CITEKEY}`.\n\nYou can change the format of the reference using snippet syntax. The\nvalue of `CITEKEY` will be replaced with the citation key of the item\nyou selected. Do not forget to escape dollar signs inside the snippet!"},{"commit":"2bfcce261f54a157d6eb5edab479f07304fe0b8c","date":"2015-03-24T07:16:45+01:00","author":"René Schwaiger","summary":"Add filter support to “Cite (Ref-TeX Style)”","body":"It is now possible to filter the list of entries in “Citation (Ref-TeX\nStyle)”.\n\nFor example: If you only want the the items autocite, cite, footcite\nand textcite, then add the variable\n\n    TM_LATEX_REFTEX_FILTER\n\nin Preferences→Variables. Set the value of the variable to the\nfollowing regular expression:\n\n    autocite|footcite|cite|textcite"},{"commit":"b84e05256c9eb53aee8c64ae4c4a669a2446955a","date":"2015-03-24T07:04:30+01:00","author":"René Schwaiger","summary":"Add new items to “Citation (Ref-TeX Style)”","body":"It is now also possible to insert “\\autocite” and “\\textcite”\nreferences via the command."},{"commit":"6e3fbbd07e17dbe2cc9c60eee894a9bb46d00626","date":"2015-03-22T11:31:27+01:00","author":"René Schwaiger","summary":"Improve style of citation items","body":"We now add emoticons before title and author. This makes it much easier\nto spot title and author in the menu shown by “Citation Based on\nCurrent Word”."},{"commit":"a186c1489d0858bea5bcaf7e4c8c5be21bf73214","date":"2015-03-22T11:24:42+01:00","author":"René Schwaiger","summary":"Improve BibTeX parsing","body":"We now parse items containing consecutive curly brackets correctly."},{"commit":"5c3de22bf788968ce552b7f818ba0ca7b748aa7c","date":"2015-03-22T09:12:26+01:00","author":"René Schwaiger","summary":"Support plain number values in BibTeX entries"},{"commit":"5df053238cbad73bb9cde93c29eaa59780d71b3d","date":"2015-03-15T22:33:51+01:00","author":"René Schwaiger","summary":"Enhance “Show Label as Tool Tip”","body":"If the command fails to get a certain amount of text surrounding a\nlabel, then it now tries to get smaller portions of text. This means\nthat the command now also works for labels which have only a small\namount of surrounding text."},{"commit":"843c4bf194e2d70d7c1ba1afca881d8005f13a88","date":"2015-03-15T22:33:48+01:00","author":"René Schwaiger","summary":"Enhance “Open Master File”","body":"If the current file is already the master file, then the command now\ndisplays a tooltip informing us about that fact. This provides us with\nfeedback about the success of the command. Before that change we might\nhave thought that the command failed silently or was not executed at\nall, when we invoked it inside the master file."},{"commit":"8117a80e85b1eddff32b5e6b69a177d49031ab0f","date":"2015-03-15T22:33:45+01:00","author":"René Schwaiger","summary":"Enhance “Open Included Item”","body":"“Open included item” tries to search for files manually, if locating\nvia `kpsewhich` failed. This means that invoking the command inside the\ncurly brackets of the following code\n`\\includegraphics{path_to_figure_no_extension}` works now too."},{"commit":"d1f3b121f6e43e4f3337effe1715f19f6437b168","date":"2015-03-15T22:33:45+01:00","author":"René Schwaiger","summary":"Add scope for “Open Included Item”","body":"“Open included item” now also works with code like\n`\\includegraphics{included_item}`, when the caret is located somewhere\ninside the curly brackets."},{"commit":"7a45af99d559fff65ac375ea9f5615be67bdd574","date":"2015-03-15T22:33:42+01:00","author":"René Schwaiger","summary":"Simplify command for citekey completion"},{"commit":"9c6b722186f35794150c7472e24cc59298bd7352","date":"2015-03-15T22:33:40+01:00","author":"René Schwaiger","summary":"Simplify script for label completion"},{"commit":"699160cd04f52c5e2b974e3e707f6f83ffadb8c7","date":"2015-03-15T22:33:36+01:00","author":"René Schwaiger","summary":"Improve “Insert Citation”","body":"- The command now uses the format `citekey — description` for menu\n  labels instead of `citekey % description`\n- “Insert Citation” works correctly after tex code of the form `\\cite{`"},{"commit":"b90c2243d985e607d8203915033b0a00ea413228","date":"2015-03-15T22:33:35+01:00","author":"René Schwaiger","summary":"Fix “Insert Citation” inside brackets","body":"Before this change the citation key overwrote the brackets. This left\nus with incorrect tex code of the form `\\citecitekey` instead of the\ncorrect `\\cite{citekey}`."},{"commit":"d2ada2feddae603155c4c0edce11c1206a844f11","date":"2015-03-15T22:33:22+01:00","author":"René Schwaiger","summary":"Handle # signs inside bib tags properly"},{"commit":"b92d646c07a9cbc2e0145e43c4448b3eb383b6c6","date":"2015-03-15T22:33:21+01:00","author":"René Schwaiger","summary":"Rewrite and extend `LaTeX.parse_bibfile`","body":"We split the functionality into smaller functions. `parse_bibfile` now\nalso supports abbreviations/variables [BibTeX].\n\n[BibTeX]: http://www.bibtex.org"},{"commit":"edb947ffeea4d5bb5d9a7ccd804d5c198d34109f","date":"2015-03-15T22:33:15+01:00","author":"René Schwaiger","summary":"Improve formatting of documentation in `LaTeX`"},{"commit":"7a59e68942ac91ef43e4f3e1a034a1e5868f8096","date":"2015-03-15T22:33:07+01:00","author":"René Schwaiger","summary":"Remove warnings reported by `RuboCop` from `latex`"},{"commit":"0680a8e3a94684107a7e482e0d4cc683ac400b8d","date":"2015-03-15T22:33:06+01:00","author":"René Schwaiger","summary":"Use menu name as filename for commands"},{"commit":"ccc537e8d8e2fa19338967331ea42bf0e406b28f","date":"2015-03-15T19:53:49+01:00","author":"René Schwaiger","summary":"Improve support for extended characters","body":"We now try to read the log file using different encodings. This change\nshould improve the output of non ASCII characters in the log window\n(“Typeset &amp; View”) and notification window (“Watch Document”)."},{"commit":"610ee6ef0d6162249374a480c1209c1ddd46a955","date":"2015-02-27T19:23:37+01:00","author":"René Schwaiger","summary":"Remove `epsfig` from `latex_indicators`","body":"Before this commit “Typeset &amp; View (PDF)” used the engine `latex` to\ntranslate files that included the package `epsfig`. Newer versions of\nthe “modern” tex engines — pdflatex, xelatex, lualatex — auto-convert\neps files to PDF. We can therefore translate files that include\n`epsfig` with one of those engine without problems."},{"commit":"c7e796b08862c3e9f833d806ceaf7968094bef56","date":"2015-02-22T10:04:58+01:00","author":"René Schwaiger","summary":"Remove `fontspec` from `xelatex_indicators`","body":"Documents that contained the package `fontspec` were translated with\n`xelatex` regardless of the engine chosen in the bundle preferences.\nThe package `fontspec` is compatible with `lualatex` too. Therefore we\ndo not change the engine automatically if the file contains this\npackage anymore."},{"commit":"c329ea790034bbb505df454cc1e51c04991dc3a2","date":"2015-02-16T15:00:05+01:00","author":"René Schwaiger","summary":"Try to read tex file using different encodings","body":"Before this change “Typeset &amp; View” could fail reading a non `utf8`\nencoded tex file, if the file contained special characters. We now also\ntry to read the file with the following encodings if reading with `utf8`\nfails:\n\n- mac_roman\n- latin_1\n- gb2312\n- cp1251\n- cp1252"},{"commit":"f7aab3bb2644e43fda800ba4db69c1933d6deca4","date":"2015-02-15T19:25:23+01:00","author":"René Schwaiger","summary":"Recognize errors in files containing spaces","body":"Before this commit errors with line information were not recognized if\nthe name of the file contained spaces."},{"commit":"e2b46c4bb6548c5f9ac02bc5a35895fb419b1b5d","date":"2015-02-13T11:28:56+01:00","author":"René Schwaiger","summary":"Prepend `lib` to path in Python scripts","body":"Before this change we appended `lib` to the library path. This is a\nproblem if `path` already contains an other library with the same name."},{"commit":"9dc4164e59f9f31ebfc2978f0e2c959598cdcf31","date":"2015-02-12T12:21:27+01:00","author":"René Schwaiger","summary":"Use encoding `latin_1` to open log files","body":"`latin_1` is probably *not* the correct encoding for tex log files. It\nshould however be much closer to the real encoding — probably `T1` —\nthan `utf-8`.\n\nThis commit should fix an error that occurred when `texmate` translated\nfiles that used the package `inputencoding` together with the option\n`utf-8`. The retranslation of extended characters such as “ü” caused\nthe log-file to contain characters that are not valid in the encoding\n`utf-8`.\n\nThanks to all users, who reported the error. Especially Jan-Gerd\nTenberge who provided a minimal sample document."},{"commit":"9c95d16cd74c736919d85eea9f9dc31c30301ec4","date":"2015-02-12T09:21:58+01:00","author":"René Schwaiger","summary":"Add “LaTeX Tidy” to the bundle again","body":"Some users reported problems with the formatting done by `latexindent`.\nThis commit therefore adds “LaTeX Tidy” to the bundle again and makes\nit the default tool for formatting tex files. If you prefer to use\n`latexindent` to clean your files, then please just set the value of\nthe variable `TM_LATEX_FORMATTER` to `latexindent`."},{"commit":"35233d4eb14d46fa553cc044959b8d15656a7ccd","date":"2015-02-11T12:44:11+01:00","author":"René Schwaiger","summary":"Add `YAML::Tiny` library to the bundle","body":"`YAML::Tiny` is not part of the standard Perl installation in OS X.\n`latexindent` — which we use in the command “Tidy” — needs this\nlibrary. Therefore we now include `YAML::Tiny` directly in the bundle.\nThis means that you do not need to install the library manually anymore."},{"commit":"2a702058637b6f0b4d5becceddaf9b795edf8789","date":"2015-02-06T14:28:16+01:00","author":"René Schwaiger","summary":"Use `texdoc` to show documentation for single word","body":"We use the shell command `texdoc` to display the documentation for a\nsingle word/package. As a result “Documentation for Package” now opens\nthe matching documentation for the “current word” faster. The supplied\ndocumentation is — in some cases — better than the one we provided\nbefore."},{"commit":"6b3421867dd762b5c589f3ebb15d5d1b6265cdda","date":"2015-02-05T21:16:48+01:00","author":"René Schwaiger","summary":"Autoupdate cache for “Documentation for Package”","body":"Before this change the documentation data was regenerated every 90\ndays. Now the command only regenerates the data if the tex and metafont\ndirectory was modified."},{"commit":"4a339979d6ff781d12a9daa30f37e0af5fbe0680","date":"2015-02-05T10:57:01+01:00","author":"René Schwaiger","summary":"Update “Documentation for Package”","body":"The command now uses less methods to search for package documentation.\nThis might sound like a bad thing, but actually `texdoc` should provide\nbetter documentation now. The results for certain packages are correct\nagain, since the command now uses the right base directory to look for\ndocumentation."},{"commit":"76212a125e2c6ee67a0f7c687f0678a1cd38e027","date":"2015-02-03T19:36:32+01:00","author":"René Schwaiger","summary":"Add folding markers for sections","body":"You can now fold tex code like:\n\n    \\section{A section}\n\n    Some text...\n\nTextMate has — as far as I know — some limitations on the way it\nhandles foldings without end markers. Therefore the new folding markers\ndo not always work the way we want them to. For example: If you have\nthe following code\n\n    \\section{Section}\n\n    Some text...\n\n    \\begin{equation}\n        2 + 2 = 5\n    \\end{equation}\n\nand fold on `\\section`, then the folded section will not include the\nenvironment `equation`. To include the environment in the folding you\ncan extend the code above so that it uses the old folding system:\n\n    \\section{Section} % (fold)\n\n    Some text...\n\n    \\begin{equation}\n        2 + 2 = 5\n    \\end{equation}\n\n    % (end)"},{"commit":"16154cef75708eabc5ebd83c61ad49e8830d835d","date":"2015-02-01T15:22:04+01:00","author":"René Schwaiger","summary":"Fix path of cache file in `texparser`","body":"After a recent change `texparser` saved cache data in a file called\n`filename.lb`. Now `texparser` uses the correct location `.filename.lb`\nagain."},{"commit":"b4f5d2f5d7bc497af5d7a12e92cb937bdd7802a8","date":"2015-01-30T20:02:34+01:00","author":"René Schwaiger","summary":"Do not add newline in “Reformat” (Table)","body":"Before this change the command always added an empty line at the end of\na `tabular` environment. We want to keep tables tidy. Therefore it\nseems like a good idea to *not* artificially enlarge a table by adding\na empty line at the end."},{"commit":"4917508155c5412c0dbeec952354c2c479e56837","date":"2015-01-30T17:49:07+01:00","author":"René Schwaiger","summary":"Handle unicode chars in `texmate` and `texparser`","body":"Before this commit `texmate` and `texparser` could crash if they\nencountered extended unicode characters such as `ü` or `ä`. Now both\nprograms should handle these characters just fine."},{"commit":"2e8d7c939700548144a2e6f6ef299aa0e3215f76","date":"2015-01-21T08:08:02+01:00","author":"René Schwaiger","summary":"Use system `python` executable for scripts","body":"We know that the Python version bundled with OS X includes the proper\nlibraries (e.g. `PyObjC`) to execute the scripts inside this bundle.\nSince we cannot guarantee that for other manually installed Python\nversion we now always use `/usr/bin/python` to execute scripts."},{"commit":"0a508e6cac236785917715f2f43d2ccd98030b85","date":"2015-01-20T11:26:11+01:00","author":"René Schwaiger","summary":"Support Python 3 in “Documentation for Package”"},{"commit":"8012f20f979d1eee65724650bb71cfac710b6c5d","date":"2015-01-19T09:29:51+01:00","author":"René Schwaiger","summary":"Use `latexindent` to tidy files","body":"`latexindent` is installed by default if you use the standard `MacTeX`\ninstaller. You might need to install the perl module `YAML::Tiny`\nbefore the script works. Here are they usual Terminal commands to get\nthings going:\n\n    # Install `cpanm` package manager\n    sudo cpan App::cpanminus\n    # Install `YAML::Tiny` with cpanm\n    sudo cpanm YAML::Tiny"},{"commit":"23f8da9e6e6320666f633212ac6ab1ab05fcb824","date":"2015-01-18T18:59:45+01:00","author":"René Schwaiger","summary":"Fix “Documentation for Package”","body":"`PyTeXdoc` used outdated names for certain functions imported from\n`texmate`."},{"commit":"8a4dd5cdbbf003af630754c47a21e456af0877e6","date":"2015-01-18T17:30:11+01:00","author":"René Schwaiger","summary":"Add support for Python 3","body":"Most bundle commands now also support Python 3 as interpreter."}],"name":"LaTeX"}