{"commits":[{"commit":"efc96efafe5e48480cf55a2ed124b388cbea4440","date":"2016-09-22T00:16:04+02:00","author":"FichteFoll","summary":"Highlighting of inline keys at EOF","body":"Missed in 2f4fb3300e4b9a43e75461bd9806c90b77beea9b."},{"commit":"741d301a9376f329ba9bd666888fa6b61bc939c6","date":"2016-09-22T00:15:25+02:00","author":"FichteFoll","summary":"Fix plain type recognition in flow blocks"},{"commit":"2f4fb3300e4b9a43e75461bd9806c90b77beea9b","date":"2016-08-26T15:08:20+02:00","author":"FichteFoll","summary":"Fix highlighting of keys at EOF"},{"commit":"584ffdfd3e1b1d6810a67750bb9d856480925ad5","date":"2016-08-24T02:27:50-05:00","author":"Michael Sheets","summary":"Update bundle maintainer"},{"commit":"96fdaf8b7d17a7c30aeadb2f76642139af91b70e","date":"2016-08-24T02:26:51-05:00","author":"Michael Sheets","summary":"Simplify description"},{"commit":"9a4135db812815467828e467e1a57189e1ccdac9","date":"2016-08-24T02:21:02-05:00","author":"Michael Sheets","summary":"Add firstLineMatch"},{"commit":"304c90caf41dd5cc808eea64a7d3dd6264fbd506","date":"2015-10-01T21:53:29-07:00","author":"Seth MacPherson","summary":"Add yaml keys to symbol list"},{"commit":"b36440ae8e0ca14156a2eb9aa29c090ccdee4722","date":"2016-08-24T01:59:26-05:00","author":"Michael Sheets","summary":"Grammar: Add various extensions","body":"Taken from github/linguist"},{"commit":"e8530bca8e53ee6d94ef21e15cecc7e5483a7fc4","date":"2016-08-24T01:15:04-05:00","author":"Michael Sheets","summary":"Correct invalid scope","body":"entity.name.other.anchor → entity.name.type.anchor"},{"commit":"dab709fbfcae20a60713040f68dc6951eefd3fa9","date":"2016-08-24T01:10:06-05:00","author":"Michael Sheets","summary":"Improve punctuation scopes","body":"punctuation.alias → punctuation.definition.alias\npunctuation.anchor → punctuation.definition.anchor"},{"commit":"03d7f4a7885682769b51c91870a2b995cffcf28a","date":"2016-08-24T01:02:12-05:00","author":"Michael Sheets","summary":"Standardize punctuation.separator.key-value scope","body":"We want `key-value` in the third place as it is the more generic, allows it to be used in the all languages. Move the `mapping` specifier after it.\n\n`punctuation.separator.mapping.key-value` → `punctuation.separator.key-value.mapping`"},{"commit":"9dc3141d1a82b440f4264ea72e4d3ed4d5aa7667","date":"2016-08-24T00:29:59-05:00","author":"Michael Sheets","summary":"Increase specificity of comment.line rule","body":"Previously the comment part of this rule was actually optional which lead to any empty line and any trailing whitespace on lines being marked as a comment. Now matches any leading whitespace as `punctuation.whitespace` and matches the comment as a block to allow injections into comment content."},{"commit":"953d955b8247a784ed18bb27f5236408dfae0c1b","date":"2016-08-23T14:13:32-05:00","author":"Michael Sheets","summary":"Completely redone YAML grammar","body":"Imported from SublimeText Packages, originally created by @FichteFoll with additional patches from @Briles and @wbond.\n\nKnown limitations:\n\n- Most indentation is not checked, except for block scalars, where it is also not verified (i.e. highlights even if less indentation used than required).\n- Properties are sometimes incorrectly highlighted for nested block collections (`- !!seq -`).\n\nSynced as of sublimehq/Packages@c52dd91f54fd76e4457a3d91f126d5e4b4720a82"},{"commit":"a2df90771915ec0bce6f1324f27109224fd356e1","date":"2015-03-16T01:48:46-05:00","author":"Michael Sheets","summary":"Grammar: Remove unused rule and leading tab scoping","body":"These should be implemented as an injected grammar."}],"name":"YAML"}