<dict>
	<!-- Directives -->
	<a href="mod/core.html#acceptfilter">AcceptFilter</a>
	<a href="mod/mpm_common.html#acceptmutex">AcceptMutex</a>
	<a href="mod/core.html#acceptpathinfo">AcceptPathInfo</a>
	<a href="mod/core.html#accessfilename">AccessFileName</a>
	<a href="mod/mod_actions.html#action">Action</a>
	<a href="mod/mod_autoindex.html#addalt">AddAlt</a>
	<a href="mod/mod_autoindex.html#addaltbyencoding">AddAltByEncoding</a>
	<a href="mod/mod_autoindex.html#addaltbytype">AddAltByType</a>
	<a href="mod/mod_mime.html#addcharset">AddCharset</a>
	<a href="mod/core.html#adddefaultcharset">AddDefaultCharset</a>
	<a href="mod/mod_autoindex.html#adddescription">AddDescription</a>
	<a href="mod/mod_mime.html#addencoding">AddEncoding</a>
	<a href="mod/mod_mime.html#addhandler">AddHandler</a>
	<a href="mod/mod_autoindex.html#addicon">AddIcon</a>
	<a href="mod/mod_autoindex.html#addiconbyencoding">AddIconByEncoding</a>
	<a href="mod/mod_autoindex.html#addiconbytype">AddIconByType</a>
	<a href="mod/mod_mime.html#addinputfilter">AddInputFilter</a>
	<a href="mod/mod_mime.html#addlanguage">AddLanguage</a>
	<a href="mod/mod_info.html#addmoduleinfo">AddModuleInfo</a>
	<a href="mod/mod_mime.html#addoutputfilter">AddOutputFilter</a>
	<a href="mod/core.html#addoutputfilterbytype">AddOutputFilterByType</a>
	<a href="mod/mod_mime.html#addtype">AddType</a>
	<a href="mod/mod_alias.html#alias">Alias</a>
	<a href="mod/mod_alias.html#aliasmatch">AliasMatch</a>
	<a href="mod/mod_authz_host.html#allow">Allow</a>
	<a href="mod/mod_proxy.html#allowconnect">AllowCONNECT</a>
	<a href="mod/core.html#allowencodedslashes">AllowEncodedSlashes</a>
	<a href="mod/core.html#allowoverride">AllowOverride</a>
	<a href="mod/mod_authn_anon.html#anonymous">Anonymous</a>
	<a href="mod/mod_authn_anon.html#anonymous_logemail">Anonymous_LogEmail</a>
	<a href="mod/mod_authn_anon.html#anonymous_mustgiveemail">Anonymous_MustGiveEmail</a>
	<a href="mod/mod_authn_anon.html#anonymous_nouserid">Anonymous_NoUserID</a>
	<a href="mod/mod_authn_anon.html#anonymous_verifyemail">Anonymous_VerifyEmail</a>
	<a href="mod/mod_auth_basic.html#authbasicauthoritative">AuthBasicAuthoritative</a>
	<a href="mod/mod_auth_basic.html#authbasicprovider">AuthBasicProvider</a>
	<a href="mod/mod_authn_dbd.html#authdbduserpwquery">AuthDBDUserPWQuery</a>
	<a href="mod/mod_authn_dbd.html#authdbduserrealmquery">AuthDBDUserRealmQuery</a>
	<a href="mod/mod_authz_dbm.html#authdbmgroupfile">AuthDBMGroupFile</a>
	<a href="mod/mod_authn_dbm.html#authdbmtype">AuthDBMType</a>
	<a href="mod/mod_authn_dbm.html#authdbmuserfile">AuthDBMUserFile</a>
	<a href="mod/mod_authn_default.html#authdefaultauthoritative">AuthDefaultAuthoritative</a>
	<a href="mod/mod_auth_digest.html#authdigestalgorithm">AuthDigestAlgorithm</a>
	<a href="mod/mod_auth_digest.html#authdigestdomain">AuthDigestDomain</a>
	<a href="mod/mod_auth_digest.html#authdigestnccheck">AuthDigestNcCheck</a>
	<a href="mod/mod_auth_digest.html#authdigestnonceformat">AuthDigestNonceFormat</a>
	<a href="mod/mod_auth_digest.html#authdigestnoncelifetime">AuthDigestNonceLifetime</a>
	<a href="mod/mod_auth_digest.html#authdigestprovider">AuthDigestProvider</a>
	<a href="mod/mod_auth_digest.html#authdigestqop">AuthDigestQop</a>
	<a href="mod/mod_auth_digest.html#authdigestshmemsize">AuthDigestShmemSize</a>
	<a href="mod/mod_authz_groupfile.html#authgroupfile">AuthGroupFile</a>
	<a href="mod/mod_authnz_ldap.html#authldapbinddn">AuthLDAPBindDN</a>
	<a href="mod/mod_authnz_ldap.html#authldapbindpassword">AuthLDAPBindPassword</a>
	<a href="mod/mod_authnz_ldap.html#authldapcharsetconfig">AuthLDAPCharsetConfig</a>
	<a href="mod/mod_authnz_ldap.html#authldapcomparednonserver">AuthLDAPCompareDNOnServer</a>
	<a href="mod/mod_authnz_ldap.html#authldapdereferencealiases">AuthLDAPDereferenceAliases</a>
	<a href="mod/mod_authnz_ldap.html#authldapgroupattribute">AuthLDAPGroupAttribute</a>
	<a href="mod/mod_authnz_ldap.html#authldapgroupattributeisdn">AuthLDAPGroupAttributeIsDN</a>
	<a href="mod/mod_authnz_ldap.html#authldapremoteuserattribute">AuthLDAPRemoteUserAttribute</a>
	<a href="mod/mod_authnz_ldap.html#authldapremoteuserisdn">AuthLDAPRemoteUserIsDN</a>
	<a href="mod/mod_authnz_ldap.html#authldapurl">AuthLDAPUrl</a>
	<a href="mod/core.html#authname">AuthName</a>
	<a href="mod/mod_authn_alias.html#authnprovideralias">AuthnProviderAlias</a>
	<a href="mod/core.html#authtype">AuthType</a>
	<a href="mod/mod_authn_file.html#authuserfile">AuthUserFile</a>
	<a href="mod/mod_authz_dbm.html#authzdbmauthoritative">AuthzDBMAuthoritative</a>
	<a href="mod/mod_authz_dbm.html#authzdbmtype">AuthzDBMType</a>
	<a href="mod/mod_authz_default.html#authzdefaultauthoritative">AuthzDefaultAuthoritative</a>
	<a href="mod/mod_authz_groupfile.html#authzgroupfileauthoritative">AuthzGroupFileAuthoritative</a>
	<a href="mod/mod_authnz_ldap.html#authzldapauthoritative">AuthzLDAPAuthoritative</a>
	<a href="mod/mod_authz_owner.html#authzownerauthoritative">AuthzOwnerAuthoritative</a>
	<a href="mod/mod_authz_user.html#authzuserauthoritative">AuthzUserAuthoritative</a>
	<a href="mod/mod_proxy.html#balancermember">BalancerMember</a>
	<a href="mod/mod_setenvif.html#browsermatch">BrowserMatch</a>
	<a href="mod/mod_setenvif.html#browsermatchnocase">BrowserMatchNoCase</a>
	<a href="mod/mod_log_config.html#bufferedlogs">BufferedLogs</a>
	<a href="mod/mod_cache.html#cachedefaultexpire">CacheDefaultExpire</a>
	<a href="mod/mod_disk_cache.html#cachedirlength">CacheDirLength</a>
	<a href="mod/mod_disk_cache.html#cachedirlevels">CacheDirLevels</a>
	<a href="mod/mod_cache.html#cachedisable">CacheDisable</a>
	<a href="mod/mod_cache.html#cacheenable">CacheEnable</a>
	<a href="mod/mod_file_cache.html#cachefile">CacheFile</a>
	<a href="mod/mod_cache.html#cacheignorecachecontrol">CacheIgnoreCacheControl</a>
	<a href="mod/mod_cache.html#cacheignoreheaders">CacheIgnoreHeaders</a>
	<a href="mod/mod_cache.html#cacheignorenolastmod">CacheIgnoreNoLastMod</a>
	<a href="mod/mod_cache.html#cacheignorequerystring">CacheIgnoreQueryString</a>
	<a href="mod/mod_cache.html#cachelastmodifiedfactor">CacheLastModifiedFactor</a>
	<a href="mod/mod_cache.html#cachemaxexpire">CacheMaxExpire</a>
	<a href="mod/mod_disk_cache.html#cachemaxfilesize">CacheMaxFileSize</a>
	<a href="mod/mod_disk_cache.html#cacheminfilesize">CacheMinFileSize</a>
	<a href="mod/mod_negotiation.html#cachenegotiateddocs">CacheNegotiatedDocs</a>
	<a href="mod/mod_disk_cache.html#cacheroot">CacheRoot</a>
	<a href="mod/mod_cache.html#cachestorenostore">CacheStoreNoStore</a>
	<a href="mod/mod_cache.html#cachestoreprivate">CacheStorePrivate</a>
	<a href="mod/core.html#cgimapextension">CGIMapExtension</a>
	<a href="mod/mod_charset_lite.html#charsetdefault">CharsetDefault</a>
	<a href="mod/mod_charset_lite.html#charsetoptions">CharsetOptions</a>
	<a href="mod/mod_charset_lite.html#charsetsourceenc">CharsetSourceEnc</a>
	<a href="mod/mod_speling.html#checkcaseonly">CheckCaseOnly</a>
	<a href="mod/mod_speling.html#checkspelling">CheckSpelling</a>
	<a href="mod/core.html#contentdigest">ContentDigest</a>
	<a href="mod/mod_usertrack.html#cookiedomain">CookieDomain</a>
	<a href="mod/mod_usertrack.html#cookieexpires">CookieExpires</a>
	<a href="mod/mod_log_config.html#cookielog">CookieLog</a>
	<a href="mod/mod_usertrack.html#cookiename">CookieName</a>
	<a href="mod/mod_usertrack.html#cookiestyle">CookieStyle</a>
	<a href="mod/mod_usertrack.html#cookietracking">CookieTracking</a>
	<a href="mod/mpm_common.html#coredumpdirectory">CoreDumpDirectory</a>
	<a href="mod/mod_log_config.html#customlog">CustomLog</a>
	<a href="mod/mod_dav.html#dav">Dav</a>
	<a href="mod/mod_dav.html#davdepthinfinity">DavDepthInfinity</a>
	<a href="mod/mod_dav_lock.html#davgenericlockdb">DavGenericLockDB</a>
	<a href="mod/mod_dav_fs.html#davlockdb">DavLockDB</a>
	<a href="mod/mod_dav.html#davmintimeout">DavMinTimeout</a>
	<a href="mod/mod_dbd.html#dbdexptime">DBDExptime</a>
	<a href="mod/mod_dbd.html#dbdkeep">DBDKeep</a>
	<a href="mod/mod_dbd.html#dbdmax">DBDMax</a>
	<a href="mod/mod_dbd.html#dbdmin">DBDMin</a>
	<a href="mod/mod_dbd.html#dbdparams">DBDParams</a>
	<a href="mod/mod_dbd.html#dbdpersist">DBDPersist</a>
	<a href="mod/mod_dbd.html#dbdpreparesql">DBDPrepareSQL</a>
	<a href="mod/mod_dbd.html#dbdriver">DBDriver</a>
	<a href="mod/mod_autoindex.html#defaulticon">DefaultIcon</a>
	<a href="mod/mod_mime.html#defaultlanguage">DefaultLanguage</a>
	<a href="mod/core.html#defaulttype">DefaultType</a>
	<a href="mod/mod_deflate.html#deflatebuffersize">DeflateBufferSize</a>
	<a href="mod/mod_deflate.html#deflatecompressionlevel">DeflateCompressionLevel</a>
	<a href="mod/mod_deflate.html#deflatefilternote">DeflateFilterNote</a>
	<a href="mod/mod_deflate.html#deflatememlevel">DeflateMemLevel</a>
	<a href="mod/mod_deflate.html#deflatewindowsize">DeflateWindowSize</a>
	<a href="mod/mod_authz_host.html#deny">Deny</a>
	<a href="mod/core.html#directory">Directory</a>
	<a href="mod/mod_dir.html#directoryindex">DirectoryIndex</a>
	<a href="mod/core.html#directorymatch">DirectoryMatch</a>
	<a href="mod/mod_dir.html#directoryslash">DirectorySlash</a>
	<a href="mod/core.html#documentroot">DocumentRoot</a>
	<a href="mod/mod_dumpio.html#dumpioinput">DumpIOInput</a>
	<a href="mod/mod_dumpio.html#dumpiologlevel">DumpIOLogLevel</a>
	<a href="mod/mod_dumpio.html#dumpiooutput">DumpIOOutput</a>
	<a href="mod/mpm_common.html#enableexceptionhook">EnableExceptionHook</a>
	<a href="mod/core.html#enablemmap">EnableMMAP</a>
	<a href="mod/core.html#enablesendfile">EnableSendfile</a>
	<a href="mod/core.html#errordocument">ErrorDocument</a>
	<a href="mod/core.html#errorlog">ErrorLog</a>
	<a href="mod/mod_example.html#example">Example</a>
	<a href="mod/mod_expires.html#expiresactive">ExpiresActive</a>
	<a href="mod/mod_expires.html#expiresbytype">ExpiresByType</a>
	<a href="mod/mod_expires.html#expiresdefault">ExpiresDefault</a>
	<a href="mod/mod_status.html#extendedstatus">ExtendedStatus</a>
	<a href="mod/mod_ext_filter.html#extfilterdefine">ExtFilterDefine</a>
	<a href="mod/mod_ext_filter.html#extfilteroptions">ExtFilterOptions</a>
	<a href="mod/core.html#fileetag">FileETag</a>
	<a href="mod/core.html#files">Files</a>
	<a href="mod/core.html#filesmatch">FilesMatch</a>
	<a href="mod/mod_filter.html#filterchain">FilterChain</a>
	<a href="mod/mod_filter.html#filterdeclare">FilterDeclare</a>
	<a href="mod/mod_filter.html#filterprotocol">FilterProtocol</a>
	<a href="mod/mod_filter.html#filterprovider">FilterProvider</a>
	<a href="mod/mod_filter.html#filtertrace">FilterTrace</a>
	<a href="mod/mod_negotiation.html#forcelanguagepriority">ForceLanguagePriority</a>
	<a href="mod/core.html#forcetype">ForceType</a>
	<a href="mod/mod_log_forensic.html#forensiclog">ForensicLog</a>
	<a href="mod/mpm_common.html#gracefulshutdowntimeout">GracefulShutdownTimeout</a>
	<a href="mod/mpm_common.html#group">Group</a>
	<a href="mod/mod_headers.html#header">Header</a>
	<a href="mod/mod_autoindex.html#headername">HeaderName</a>
	<a href="mod/core.html#hostnamelookups">HostnameLookups</a>
	<a href="mod/mod_ident.html#identitycheck">IdentityCheck</a>
	<a href="mod/mod_ident.html#identitychecktimeout">IdentityCheckTimeout</a>
	<a href="mod/core.html#ifdefine">IfDefine</a>
	<a href="mod/core.html#ifmodule">IfModule</a>
	<a href="mod/mod_version.html#ifversion">IfVersion</a>
	<a href="mod/mod_imagemap.html#imapbase">ImapBase</a>
	<a href="mod/mod_imagemap.html#imapdefault">ImapDefault</a>
	<a href="mod/mod_imagemap.html#imapmenu">ImapMenu</a>
	<a href="mod/core.html#include">Include</a>
	<a href="mod/mod_autoindex.html#indexignore">IndexIgnore</a>
	<a href="mod/mod_autoindex.html#indexoptions">IndexOptions</a>
	<a href="mod/mod_autoindex.html#indexorderdefault">IndexOrderDefault</a>
	<a href="mod/mod_autoindex.html#indexstylesheet">IndexStyleSheet</a>
	<a href="mod/mod_isapi.html#isapiappendlogtoerrors">ISAPIAppendLogToErrors</a>
	<a href="mod/mod_isapi.html#isapiappendlogtoquery">ISAPIAppendLogToQuery</a>
	<a href="mod/mod_isapi.html#isapicachefile">ISAPICacheFile</a>
	<a href="mod/mod_isapi.html#isapifakeasync">ISAPIFakeAsync</a>
	<a href="mod/mod_isapi.html#isapilognotsupported">ISAPILogNotSupported</a>
	<a href="mod/mod_isapi.html#isapireadaheadbuffer">ISAPIReadAheadBuffer</a>
	<a href="mod/core.html#keepalive">KeepAlive</a>
	<a href="mod/core.html#keepalivetimeout">KeepAliveTimeout</a>
	<a href="mod/mod_negotiation.html#languagepriority">LanguagePriority</a>
	<a href="mod/mod_ldap.html#ldapcacheentries">LDAPCacheEntries</a>
	<a href="mod/mod_ldap.html#ldapcachettl">LDAPCacheTTL</a>
	<a href="mod/mod_ldap.html#ldapconnectiontimeout">LDAPConnectionTimeout</a>
	<a href="mod/mod_ldap.html#ldapopcacheentries">LDAPOpCacheEntries</a>
	<a href="mod/mod_ldap.html#ldapopcachettl">LDAPOpCacheTTL</a>
	<a href="mod/mod_ldap.html#ldapsharedcachefile">LDAPSharedCacheFile</a>
	<a href="mod/mod_ldap.html#ldapsharedcachesize">LDAPSharedCacheSize</a>
	<a href="mod/mod_ldap.html#ldaptrustedclientcert">LDAPTrustedClientCert</a>
	<a href="mod/mod_ldap.html#ldaptrustedglobalcert">LDAPTrustedGlobalCert</a>
	<a href="mod/mod_ldap.html#ldaptrustedmode">LDAPTrustedMode</a>
	<a href="mod/mod_ldap.html#ldapverifyservercert">LDAPVerifyServerCert</a>
	<a href="mod/core.html#limit">Limit</a>
	<a href="mod/core.html#limitexcept">LimitExcept</a>
	<a href="mod/core.html#limitinternalrecursion">LimitInternalRecursion</a>
	<a href="mod/core.html#limitrequestbody">LimitRequestBody</a>
	<a href="mod/core.html#limitrequestfields">LimitRequestFields</a>
	<a href="mod/core.html#limitrequestfieldsize">LimitRequestFieldSize</a>
	<a href="mod/core.html#limitrequestline">LimitRequestLine</a>
	<a href="mod/core.html#limitxmlrequestbody">LimitXMLRequestBody</a>
	<a href="mod/mpm_common.html#listen">Listen</a>
	<a href="mod/mpm_common.html#listenbacklog">ListenBackLog</a>
	<a href="mod/mod_so.html#loadfile">LoadFile</a>
	<a href="mod/mod_so.html#loadmodule">LoadModule</a>
	<a href="mod/core.html#location">Location</a>
	<a href="mod/core.html#locationmatch">LocationMatch</a>
	<a href="mod/mpm_common.html#lockfile">LockFile</a>
	<a href="mod/mod_log_config.html#logformat">LogFormat</a>
	<a href="mod/core.html#loglevel">LogLevel</a>
	<a href="mod/mpm_common.html#maxclients">MaxClients</a>
	<a href="mod/core.html#maxkeepaliverequests">MaxKeepAliveRequests</a>
	<a href="mod/mpm_common.html#maxmemfree">MaxMemFree</a>
	<a href="mod/mpm_common.html#maxrequestsperchild">MaxRequestsPerChild</a>
	<a href="mod/beos.html#maxrequestsperthread">MaxRequestsPerThread</a>
	<a href="mod/prefork.html#maxspareservers">MaxSpareServers</a>
	<a href="mod/mpm_common.html#maxsparethreads">MaxSpareThreads</a>
	<a href="mod/mpm_netware.html#maxthreads">MaxThreads</a>
	<a href="mod/mod_mem_cache.html#mcachemaxobjectcount">MCacheMaxObjectCount</a>
	<a href="mod/mod_mem_cache.html#mcachemaxobjectsize">MCacheMaxObjectSize</a>
	<a href="mod/mod_mem_cache.html#mcachemaxstreamingbuffer">MCacheMaxStreamingBuffer</a>
	<a href="mod/mod_mem_cache.html#mcacheminobjectsize">MCacheMinObjectSize</a>
	<a href="mod/mod_mem_cache.html#mcacheremovalalgorithm">MCacheRemovalAlgorithm</a>
	<a href="mod/mod_mem_cache.html#mcachesize">MCacheSize</a>
	<a href="mod/mod_cern_meta.html#metadir">MetaDir</a>
	<a href="mod/mod_cern_meta.html#metafiles">MetaFiles</a>
	<a href="mod/mod_cern_meta.html#metasuffix">MetaSuffix</a>
	<a href="mod/mod_mime_magic.html#mimemagicfile">MimeMagicFile</a>
	<a href="mod/prefork.html#minspareservers">MinSpareServers</a>
	<a href="mod/mpm_common.html#minsparethreads">MinSpareThreads</a>
	<a href="mod/mod_file_cache.html#mmapfile">MMapFile</a>
	<a href="mod/mod_mime.html#modmimeusepathinfo">ModMimeUsePathInfo</a>
	<a href="mod/mod_mime.html#multiviewsmatch">MultiviewsMatch</a>
	<a href="mod/core.html#namevirtualhost">NameVirtualHost</a>
	<a href="mod/mod_proxy.html#noproxy">NoProxy</a>
	<a href="mod/mod_nw_ssl.html#nwssltrustedcerts">NWSSLTrustedCerts</a>
	<a href="mod/mod_nw_ssl.html#nwsslupgradeable">NWSSLUpgradeable</a>
	<a href="mod/core.html#options">Options</a>
	<a href="mod/mod_authz_host.html#order">Order</a>
	<a href="mod/mod_env.html#passenv">PassEnv</a>
	<a href="mod/mpm_common.html#pidfile">PidFile</a>
	<a href="mod/mod_echo.html#protocolecho">ProtocolEcho</a>
	<a href="mod/mod_proxy.html#proxy">Proxy</a>
	<a href="mod/mod_proxy.html#proxybadheader">ProxyBadHeader</a>
	<a href="mod/mod_proxy.html#proxyblock">ProxyBlock</a>
	<a href="mod/mod_proxy.html#proxydomain">ProxyDomain</a>
	<a href="mod/mod_proxy.html#proxyerroroverride">ProxyErrorOverride</a>
	<a href="mod/mod_proxy.html#proxyiobuffersize">ProxyIOBufferSize</a>
	<a href="mod/mod_proxy.html#proxymatch">ProxyMatch</a>
	<a href="mod/mod_proxy.html#proxymaxforwards">ProxyMaxForwards</a>
	<a href="mod/mod_proxy.html#proxypass">ProxyPass</a>
	<a href="mod/mod_proxy.html#proxypassmatch">ProxyPassMatch</a>
	<a href="mod/mod_proxy.html#proxypassreverse">ProxyPassReverse</a>
	<a href="mod/mod_proxy.html#proxypassreversecookiedomain">ProxyPassReverseCookieDomain</a>
	<a href="mod/mod_proxy.html#proxypassreversecookiepath">ProxyPassReverseCookiePath</a>
	<a href="mod/mod_proxy.html#proxypreservehost">ProxyPreserveHost</a>
	<a href="mod/mod_proxy.html#proxyreceivebuffersize">ProxyReceiveBufferSize</a>
	<a href="mod/mod_proxy.html#proxyremote">ProxyRemote</a>
	<a href="mod/mod_proxy.html#proxyremotematch">ProxyRemoteMatch</a>
	<a href="mod/mod_proxy.html#proxyrequests">ProxyRequests</a>
	<a href="mod/mod_proxy.html#proxyset">ProxySet</a>
	<a href="mod/mod_proxy.html#proxystatus">ProxyStatus</a>
	<a href="mod/mod_proxy.html#proxytimeout">ProxyTimeout</a>
	<a href="mod/mod_proxy.html#proxyvia">ProxyVia</a>
	<a href="mod/mod_autoindex.html#readmename">ReadmeName</a>
	<a href="mod/mpm_common.html#receivebuffersize">ReceiveBufferSize</a>
	<a href="mod/mod_alias.html#redirect">Redirect</a>
	<a href="mod/mod_alias.html#redirectmatch">RedirectMatch</a>
	<a href="mod/mod_alias.html#redirectpermanent">RedirectPermanent</a>
	<a href="mod/mod_alias.html#redirecttemp">RedirectTemp</a>
	<a href="mod/mod_mime.html#removecharset">RemoveCharset</a>
	<a href="mod/mod_mime.html#removeencoding">RemoveEncoding</a>
	<a href="mod/mod_mime.html#removehandler">RemoveHandler</a>
	<a href="mod/mod_mime.html#removeinputfilter">RemoveInputFilter</a>
	<a href="mod/mod_mime.html#removelanguage">RemoveLanguage</a>
	<a href="mod/mod_mime.html#removeoutputfilter">RemoveOutputFilter</a>
	<a href="mod/mod_mime.html#removetype">RemoveType</a>
	<a href="mod/mod_headers.html#requestheader">RequestHeader</a>
	<a href="mod/core.html#require">Require</a>
	<a href="mod/mod_rewrite.html#rewritebase">RewriteBase</a>
	<a href="mod/mod_rewrite.html#rewritecond">RewriteCond</a>
	<a href="mod/mod_rewrite.html#rewriteengine">RewriteEngine</a>
	<a href="mod/mod_rewrite.html#rewritelock">RewriteLock</a>
	<a href="mod/mod_rewrite.html#rewritelog">RewriteLog</a>
	<a href="mod/mod_rewrite.html#rewriteloglevel">RewriteLogLevel</a>
	<a href="mod/mod_rewrite.html#rewritemap">RewriteMap</a>
	<a href="mod/mod_rewrite.html#rewriteoptions">RewriteOptions</a>
	<a href="mod/mod_rewrite.html#rewriterule">RewriteRule</a>
	<a href="mod/core.html#rlimitcpu">RLimitCPU</a>
	<a href="mod/core.html#rlimitmem">RLimitMEM</a>
	<a href="mod/core.html#rlimitnproc">RLimitNPROC</a>
	<a href="mod/core.html#satisfy">Satisfy</a>
	<a href="mod/mpm_common.html#scoreboardfile">ScoreBoardFile</a>
	<a href="mod/mod_actions.html#script">Script</a>
	<a href="mod/mod_alias.html#scriptalias">ScriptAlias</a>
	<a href="mod/mod_alias.html#scriptaliasmatch">ScriptAliasMatch</a>
	<a href="mod/core.html#scriptinterpretersource">ScriptInterpreterSource</a>
	<a href="mod/mod_cgi.html#scriptlog">ScriptLog</a>
	<a href="mod/mod_cgi.html#scriptlogbuffer">ScriptLogBuffer</a>
	<a href="mod/mod_cgi.html#scriptloglength">ScriptLogLength</a>
	<a href="mod/mod_cgid.html#scriptsock">ScriptSock</a>
	<a href="mod/mod_nw_ssl.html#securelisten">SecureListen</a>
	<a href="mod/mpm_common.html#sendbuffersize">SendBufferSize</a>
	<a href="mod/core.html#serveradmin">ServerAdmin</a>
	<a href="mod/core.html#serveralias">ServerAlias</a>
	<a href="mod/mpm_common.html#serverlimit">ServerLimit</a>
	<a href="mod/core.html#servername">ServerName</a>
	<a href="mod/core.html#serverpath">ServerPath</a>
	<a href="mod/core.html#serverroot">ServerRoot</a>
	<a href="mod/core.html#serversignature">ServerSignature</a>
	<a href="mod/core.html#servertokens">ServerTokens</a>
	<a href="mod/mod_env.html#setenv">SetEnv</a>
	<a href="mod/mod_setenvif.html#setenvif">SetEnvIf</a>
	<a href="mod/mod_setenvif.html#setenvifnocase">SetEnvIfNoCase</a>
	<a href="mod/core.html#sethandler">SetHandler</a>
	<a href="mod/core.html#setinputfilter">SetInputFilter</a>
	<a href="mod/core.html#setoutputfilter">SetOutputFilter</a>
	<a href="mod/mod_include.html#ssiendtag">SSIEndTag</a>
	<a href="mod/mod_include.html#ssierrormsg">SSIErrorMsg</a>
	<a href="mod/mod_include.html#ssistarttag">SSIStartTag</a>
	<a href="mod/mod_include.html#ssitimeformat">SSITimeFormat</a>
	<a href="mod/mod_include.html#ssiundefinedecho">SSIUndefinedEcho</a>
	<a href="mod/mod_ssl.html#sslcacertificatefile">SSLCACertificateFile</a>
	<a href="mod/mod_ssl.html#sslcacertificatepath">SSLCACertificatePath</a>
	<a href="mod/mod_ssl.html#sslcadnrequestfile">SSLCADNRequestFile</a>
	<a href="mod/mod_ssl.html#sslcadnrequestpath">SSLCADNRequestPath</a>
	<a href="mod/mod_ssl.html#sslcarevocationfile">SSLCARevocationFile</a>
	<a href="mod/mod_ssl.html#sslcarevocationpath">SSLCARevocationPath</a>
	<a href="mod/mod_ssl.html#sslcertificatechainfile">SSLCertificateChainFile</a>
	<a href="mod/mod_ssl.html#sslcertificatefile">SSLCertificateFile</a>
	<a href="mod/mod_ssl.html#sslcertificatekeyfile">SSLCertificateKeyFile</a>
	<a href="mod/mod_ssl.html#sslciphersuite">SSLCipherSuite</a>
	<a href="mod/mod_ssl.html#sslcryptodevice">SSLCryptoDevice</a>
	<a href="mod/mod_ssl.html#sslengine">SSLEngine</a>
	<a href="mod/mod_ssl.html#sslhonorcipherorder">SSLHonorCipherOrder</a>
	<a href="mod/mod_ssl.html#sslmutex">SSLMutex</a>
	<a href="mod/mod_ssl.html#ssloptions">SSLOptions</a>
	<a href="mod/mod_ssl.html#sslpassphrasedialog">SSLPassPhraseDialog</a>
	<a href="mod/mod_ssl.html#sslprotocol">SSLProtocol</a>
	<a href="mod/mod_ssl.html#sslproxycacertificatefile">SSLProxyCACertificateFile</a>
	<a href="mod/mod_ssl.html#sslproxycacertificatepath">SSLProxyCACertificatePath</a>
	<a href="mod/mod_ssl.html#sslproxycarevocationfile">SSLProxyCARevocationFile</a>
	<a href="mod/mod_ssl.html#sslproxycarevocationpath">SSLProxyCARevocationPath</a>
	<a href="mod/mod_ssl.html#sslproxyciphersuite">SSLProxyCipherSuite</a>
	<a href="mod/mod_ssl.html#sslproxyengine">SSLProxyEngine</a>
	<a href="mod/mod_ssl.html#sslproxymachinecertificatefile">SSLProxyMachineCertificateFile</a>
	<a href="mod/mod_ssl.html#sslproxymachinecertificatepath">SSLProxyMachineCertificatePath</a>
	<a href="mod/mod_ssl.html#sslproxyprotocol">SSLProxyProtocol</a>
	<a href="mod/mod_ssl.html#sslproxyverify">SSLProxyVerify</a>
	<a href="mod/mod_ssl.html#sslproxyverifydepth">SSLProxyVerifyDepth</a>
	<a href="mod/mod_ssl.html#sslrandomseed">SSLRandomSeed</a>
	<a href="mod/mod_ssl.html#sslrequire">SSLRequire</a>
	<a href="mod/mod_ssl.html#sslrequiressl">SSLRequireSSL</a>
	<a href="mod/mod_ssl.html#sslsessioncache">SSLSessionCache</a>
	<a href="mod/mod_ssl.html#sslsessioncachetimeout">SSLSessionCacheTimeout</a>
	<a href="mod/mod_ssl.html#sslusername">SSLUserName</a>
	<a href="mod/mod_ssl.html#sslverifyclient">SSLVerifyClient</a>
	<a href="mod/mod_ssl.html#sslverifydepth">SSLVerifyDepth</a>
	<a href="mod/mpm_common.html#startservers">StartServers</a>
	<a href="mod/mpm_common.html#startthreads">StartThreads</a>
	<a href="mod/mod_suexec.html#suexecusergroup">SuexecUserGroup</a>
	<a href="mod/mpm_common.html#threadlimit">ThreadLimit</a>
	<a href="mod/mpm_common.html#threadsperchild">ThreadsPerChild</a>
	<a href="mod/mpm_common.html#threadstacksize">ThreadStackSize</a>
	<a href="mod/core.html#timeout">TimeOut</a>
	<a href="mod/core.html#traceenable">TraceEnable</a>
	<a href="mod/mod_log_config.html#transferlog">TransferLog</a>
	<a href="mod/mod_mime.html#typesconfig">TypesConfig</a>
	<a href="mod/mod_env.html#unsetenv">UnsetEnv</a>
	<a href="mod/core.html#usecanonicalname">UseCanonicalName</a>
	<a href="mod/core.html#usecanonicalphysicalport">UseCanonicalPhysicalPort</a>
	<a href="mod/mpm_common.html#user">User</a>
	<a href="mod/mod_userdir.html#userdir">UserDir</a>
	<a href="mod/mod_vhost_alias.html#virtualdocumentroot">VirtualDocumentRoot</a>
	<a href="mod/mod_vhost_alias.html#virtualdocumentrootip">VirtualDocumentRootIP</a>
	<a href="mod/core.html#virtualhost">VirtualHost</a>
	<a href="mod/mod_vhost_alias.html#virtualscriptalias">VirtualScriptAlias</a>
	<a href="mod/mod_vhost_alias.html#virtualscriptaliasip">VirtualScriptAliasIP</a>
	<a href="mod/mpm_winnt.html#win32disableacceptex">Win32DisableAcceptEx</a>
	<a href="mod/mod_include.html#xbithack">XBitHack</a>
	<!-- Modules -->
	<a href="mod/core.html">core</a>
	<a href="mod/mpm_common.html">mpm_common</a>
	<a href="mod/beos.html">beos</a>
	<a href="mod/event.html">event</a>
	<a href="mod/mpm_netware.html">mpm_netware</a>
	<a href="mod/mpmt_os2.html">mpmt_os2</a>
	<a href="mod/prefork.html">prefork</a>
	<a href="mod/mpm_winnt.html">mpm_winnt</a>
	<a href="mod/worker.html">worker</a>
	<a href="mod/mod_actions.html">mod_actions</a>
	<a href="mod/mod_alias.html">mod_alias</a>
	<a href="mod/mod_asis.html">mod_asis</a>
	<a href="mod/mod_authn_alias.html">mod_authn_alias</a>
	<a href="mod/mod_authn_dbd.html">mod_authn_dbd</a>
	<a href="mod/mod_authn_dbm.html">mod_authn_dbm</a>
	<a href="mod/mod_authn_default.html">mod_authn_default</a>
	<a href="mod/mod_authn_file.html">mod_authn_file</a>
	<a href="mod/mod_auth_basic.html">mod_auth_basic</a>
	<a href="mod/mod_auth_digest.html">mod_auth_digest</a>
	<a href="mod/mod_authnz_ldap.html">mod_authnz_ldap</a>
	<a href="mod/mod_authz_dbm.html">mod_authz_dbm</a>
	<a href="mod/mod_authz_default.html">mod_authz_default</a>
	<a href="mod/mod_authz_groupfile.html">mod_authz_groupfile</a>
	<a href="mod/mod_authz_host.html">mod_authz_host</a>
	<a href="mod/mod_authz_owner.html">mod_authz_owner</a>
	<a href="mod/mod_authz_user.html">mod_authz_user</a>
	<a href="mod/mod_autoindex.html">mod_autoindex</a>
	<a href="mod/mod_cache.html">mod_cache</a>
	<a href="mod/mod_cern_meta.html">mod_cern_meta</a>
	<a href="mod/mod_cgi.html">mod_cgi</a>
	<a href="mod/mod_cgid.html">mod_cgid</a>
	<a href="mod/mod_charset_lite.html">mod_charset_lite</a>
	<a href="mod/mod_dav.html" >mod_dav</a>
	<a href="mod/mod_dav_fs.html">mod_dav_fs</a>
	<a href="mod/mod_dav_lock.html">mod_dav_lock</a>
	<a href="mod/mod_dbd.html">mod_dbd</a>
	<a href="mod/mod_deflate.html">mod_deflate</a>
	<a href="mod/mod_dir.html">mod_dir</a>
	<a href="mod/mod_disk_cache.html">mod_disk_cache</a>
	<a href="mod/mod_dumpio.html">mod_dumpio</a>
	<a href="mod/mod_echo.html">mod_echo</a>
	<a href="mod/mod_env.html">mod_env</a>
	<a href="mod/mod_example.html">mod_example</a>
	<a href="mod/mod_expires.html">mod_expires</a>
	<a href="mod/mod_ext_filter.html">mod_ext_filter</a>
	<a href="mod/mod_file_cache.html">mod_file_cache</a>
	<a href="mod/mod_filter.html">mod_filter</a>
	<a href="mod/mod_headers.html">mod_headers</a>
	<a href="mod/mod_ident.html">mod_ident</a>
	<a href="mod/mod_imagemap.html">mod_imagemap</a>
	<a href="mod/mod_include.html">mod_include</a>
	<a href="mod/mod_info.html">mod_info</a>
	<a href="mod/mod_isapi.html">mod_isapi</a>
	<a href="mod/mod_ldap.html">mod_ldap</a>
	<a href="mod/mod_log_config.html">mod_log_config</a>
	<a href="mod/mod_log_forensic.html">mod_log_forensic</a>
	<a href="mod/mod_logio.html">mod_logio</a>
	<a href="mod/mod_mem_cache.html">mod_mem_cache</a>
	<a href="mod/mod_mime.html">mod_mime</a>
	<a href="mod/mod_mime_magic.html">mod_mime_magic</a>
	<a href="mod/mod_negotiation.html">mod_negotiation</a>
	<a href="mod/mod_nw_ssl.html">mod_nw_ssl</a>
	<a href="mod/mod_proxy.html">mod_proxy</a>
	<a href="mod/mod_proxy_ajp.html">mod_proxy_ajp</a>
	<a href="mod/mod_proxy_balancer.html">mod_proxy_balancer</a>
	<a href="mod/mod_proxy_connect.html">mod_proxy_connect</a>
	<a href="mod/mod_proxy_ftp.html">mod_proxy_ftp</a>
	<a href="mod/mod_proxy_http.html">mod_proxy_http</a>
	<a href="mod/mod_rewrite.html">mod_rewrite</a>
	<a href="mod/mod_setenvif.html">mod_setenvif</a>
	<a href="mod/mod_so.html">mod_so</a>
	<a href="mod/mod_speling.html">mod_speling</a>
	<a href="mod/mod_ssl.html">mod_ssl</a>
	<a href="mod/mod_status.html">mod_status</a>
	<a href="mod/mod_substitute.html">mod_substitute</a>
	<a href="mod/mod_suexec.html">mod_suexec</a>
	<a href="mod/mod_unique_id.html">mod_unique_id</a>
	<a href="mod/mod_userdir.html">mod_userdir</a>
	<a href="mod/mod_usertrack.html">mod_usertrack</a>
	<a href="mod/mod_version.html">mod_version</a>
	<a href="mod/mod_vhost_alias.html">mod_vhost_alias</a>
	<!-- Manually translated Module Identifiers. -->
	<a href="mod/mod_actions.html">actions_module</a>
	<a href="mod/mod_alias.html">alias_module</a>
	<a href="mod/mod_asis.html">asis_module</a>
	<a href="mod/mod_authn_anon.html">authn_anon_module</a>
	<a href="mod/mod_authn_dbd.html">authn_dbd_module</a>
	<a href="mod/mod_authn_dbm.html">authn_dbm_module</a>
	<a href="mod/mod_authn_default.html">authn_default_module</a>
	<a href="mod/mod_authn_file.html">authn_file_module</a>
	<a href="mod/mod_authz_dbm.html">authz_dbm_module</a>
	<a href="mod/mod_authz_default.html">authz_default_module</a>
	<a href="mod/mod_authz_groupfile.html">authz_groupfile_module</a>
	<a href="mod/mod_authz_host.html">authz_host_module</a>
	<a href="mod/mod_authz_owner.html">authz_owner_module</a>
	<a href="mod/mod_authz_user.html">authz_user_module</a>
	<a href="mod/mod_auth_basic.html">auth_basic_module</a>
	<a href="mod/mod_auth_digest.html">auth_digest_module</a>
	<a href="mod/mod_autoindex.html">autoindex_module</a>
	<a href="mod/mod_bonjour.html">bonjour_module</a>
	<a href="mod/mod_cache.html">cache_module</a>
	<a href="mod/mod_cern_meta.html">cern_meta_module</a>
	<a href="mod/mod_cgi.html">cgi_module</a>
	<a href="mod/mod_dav_fs.html">dav_fs_module</a>
	<a href="mod/mod_dav.html">dav_module</a>
	<a href="mod/mod_dbd.html">dbd_module</a>
	<a href="mod/mod_deflate.html">deflate_module</a>
	<a href="mod/mod_dir.html">dir_module</a>
	<a href="mod/mod_disk_cache.html">disk_cache_module</a>
	<a href="mod/mod_dumpio.html">dumpio_module</a>
	<a href="mod/mod_env.html">env_module</a>
	<a href="mod/mod_expires.html">expires_module</a>
	<a href="mod/mod_ext_filter.html">ext_filter_module</a>
	<a href="mod/mod_fastcgi.html">fastcgi_module</a>
	<a href="mod/mod_filter.html">filter_module</a>
	<a href="mod/mod_headers.html">headers_module</a>
	<a href="mod/mod_ident.html">ident_module</a>
	<a href="mod/mod_imagemap.html">imagemap_module</a>
	<a href="mod/mod_include.html">include_module</a>
	<a href="mod/mod_info.html">info_module</a>
	<a href="mod/mod_logio.html">logio_module</a>
	<a href="mod/mod_log_config.html">log_config_module</a>
	<a href="mod/mod_log_forensic.html">log_forensic_module</a>
	<a href="mod/mod_mem_cache.html">mem_cache_module</a>
	<a href="mod/mod_mime_magic.html">mime_magic_module</a>
	<a href="mod/mod_mime.html">mime_module</a>
	<a href="mod/mod_negotiation.html">negotiation_module</a>
	<a href="mod/mod_proxy_ajp.html">proxy_ajp_module</a>
	<a href="mod/mod_proxy_balancer.html">proxy_balancer_module</a>
	<a href="mod/mod_proxy_connect.html">proxy_connect_module</a>
	<a href="mod/mod_proxy_ftp.html">proxy_ftp_module</a>
	<a href="mod/mod_proxy_http.html">proxy_http_module</a>
	<a href="mod/mod_proxy.html">proxy_module</a>
	<a href="mod/mod_rewrite.html">rewrite_module</a>
	<a href="mod/mod_setenvif.html">setenvif_module</a>
	<a href="mod/mod_speling.html">speling_module</a>
	<a href="mod/mod_ssl.html">ssl_module</a>
	<a href="mod/mod_status.html">status_module</a>
	<a href="mod/mod_unique_id.html">unique_id_module</a>
	<a href="mod/mod_userdir.html">userdir_module</a>
	<a href="mod/mod_usertrack.html">usertrack_module</a>
	<a href="mod/mod_version.html">version_module</a>
	<a href="mod/mod_vhost_alias.html">vhost_alias_module</a>
</dict>