{"commits":[{"commit":"961652ad957678e75b533406de1be5bd7f489063","date":"2015-01-10T04:00:34-06:00","author":"Michael Sheets","summary":"Respect capitalization for uniqueness","body":"Using the separate uniq command treats different capitalizations as unique items. Originally reported by @bizonix."},{"commit":"c536e81409d1fa1fc24f388f70b0513c3a8bfc59","date":"2014-08-17T21:33:39+02:00","author":"Allan Odgaard","summary":"Rewrite filtering commands in ruby","body":"Previously these were using ruby for the UI and python for the implementation with bash to bind it together."},{"commit":"194ab5f300efca838dfe66c71bd473293bb99f3d","date":"2014-03-13T03:39:34-05:00","author":"Michael Sheets","summary":"Remove exclusion for text.html.basic","body":"Previously we excluded `text.html` from this setting but this is no longer necessary as it has it&#39;s own value now."},{"commit":"d11a3b4a4a6ed943bff86fe571f09e480acb26e2","date":"2014-03-03T12:37:02+07:00","author":"Allan Odgaard","summary":"Disable indent corrections for specializations of text.html","body":"Previously we disabled it for “text” except “text.html”, which would mean it was also enabled e.g. for “text.html.markdown” (undesired). We now only make “text.html.basic” the exception."},{"commit":"44d89f4f5fcab5fce0b1458412a23085c1aa8eb5","date":"2014-02-20T10:29:22+07:00","author":"Allan Odgaard","summary":"Include “Randomize Lines” in the sort menu (bound to F5)"},{"commit":"e86a6cd17ba72e24b706dec9713330dd770f83d1","date":"2014-02-20T10:23:46+07:00","author":"Allan Odgaard","summary":"Set LC_CTYPE=&quot;C&quot; when calling (unix) sort","body":"For some non-ASCII characters we get an error from /usr/bin/sort stating that we have an “illegal byte sequence”. Since the system lack proper collation info for non-ASCII characters, forcing &quot;C&quot; as the character type/locale is only a loss for people who have installed a replacement sort command (or collation info).\n\nCloses #12"},{"commit":"c652d8f51783d8521ec217bc568fd02bcf87bfa7","date":"2014-02-11T21:40:08+07:00","author":"Allan Odgaard","summary":"Make “Convert Hex to Character” work without a selection"},{"commit":"7e3690efa2a74eb7688a740b168bc95d67039480","date":"2014-02-07T16:49:26-06:00","author":"Michael Sheets","summary":"Soft-wrap secondary paragraphs in unnumbered lists","body":"We were matching only lines that included the item delimiter, now match secondary lines the same as the numbered list setting."},{"commit":"b5bdbf81ddad8bf0f7283c42592977ab6bd54549","date":"2013-11-12T17:40:30-06:00","author":"Michael Sheets","summary":"Don&#39;t disable indention corrections for HTML","body":"Previously we had a separate setting for HTML but one setting is more manageable."},{"commit":"0624cac4d056d52492bb96eb67ba7d6d82187500","date":"2013-10-24T06:03:20-05:00","author":"Michael Sheets","summary":"Ensure the use of v1.8 of ruby","body":"A few places were missed in the previous commit, this is due to some incompatible changes in ruby 2.0. Fixes #11."},{"commit":"b3f5a5c6be954fcc8dd43e8213b8ffd53044c2b4","date":"2013-09-19T19:10:46-05:00","author":"Michael Sheets","summary":"Add various non-english quotation marks to typing pairs","body":"Includes „…” ‚…‘ «…» ‹…› 「…」『…』and 《…》, fixes #5."},{"commit":"34c5bad2222e73a9fde90508c80d7a2f70d74f2a","date":"2013-09-18T18:09:06+02:00","author":"Allan Odgaard","summary":"Fix alignment of line/word counts","body":"Since the tool tip font is (no longer) fixed width, we need to use figure space as padding to make the digits align.\n\nAdditionally the thousand separator has been changed from a comma to a thin space, such that lines with different number of thousand groups can still be aligned properly."},{"commit":"5baad2c16b64411c373d994be020943984c17581","date":"2013-08-30T22:05:29+02:00","author":"Stefan Daschek","summary":"Count characters instead of bytes.","body":"`wc -m` handles multibyte characters correctly (depending on the current locale)."},{"commit":"07d58ea6ed781d279b4ee070d12738f7a43d8057","date":"2013-07-04T01:08:38-05:00","author":"Michael Sheets","summary":"Remove shortcut for &#39;Extend Selection to Include Previous&#39;","body":"This fixes a conflict with the HTML command &#39;Wrap Selection in Open/Close Tag&#39; among others. Command is still present should users want to add back this or another shortcut.\n\nFixes #6."},{"commit":"3533ea15ac600706c15e291fda5d7d60dcc5cc05","date":"2013-03-09T01:36:21+00:00","author":"tbates","summary":"Select the next/previous occurrence of the selection with <kbd class='keyEquivalent'>⌃W</kbd> / <kbd class='keyEquivalent'>⌃⇧W</kbd>"},{"commit":"0926ab7f4b59ab3b3ac174aab374c0db2372002b","date":"2013-05-06T09:37:12+07:00","author":"Allan Odgaard","summary":"Improve menu item titles for sorting actions"}],"name":"Text"}