{"commits":[{"commit":"c400fb7e9dca83d5ab0cb8fdb0f7288997e0823e","date":"2016-08-17T09:00:15+02:00","author":"Stefan Daschek","summary":"Update README."},{"commit":"a730159e015c188c3c48bae11ed67298217ca624","date":"2016-08-04T18:08:06+02:00","author":"Stefan Daschek","summary":"Use `TM_MARKDOWN_PRE_FILTER` instead of `TM_MARKDOWN_FILTER`","body":"See https://github.com/textmate/bundle-support.tmbundle/pull/19#issuecomment-237548958 ff."},{"commit":"b36f8d0e8df2376ff41623ecbf5cf54d130bb9ab","date":"2016-07-17T02:08:28+02:00","author":"Stefan Daschek","summary":"Update readme"},{"commit":"7a8243683c3dc049a6d6777de20497138e05b507","date":"2016-07-17T01:59:47+02:00","author":"Stefan Daschek","summary":"Add README and LICENSE"},{"commit":"8dafc309110241c93653be5fa8e84fc2dce2ded7","date":"2016-07-17T01:22:37+02:00","author":"Stefan Daschek","summary":"Strip front matter when rendering markdown.","body":"Depends on https://github.com/textmate/bundle-support.tmbundle/pull/19 (which in turn depends on https://github.com/textmate/markdown.tmbundle/pull/39)."},{"commit":"5d13714e1f470a83ba3e34ac998e066e1a989f4a","date":"2016-07-16T18:25:10+02:00","author":"Stefan Daschek","summary":"Initial commit."}],"name":"Markdown (Front Matter)"}