{"web":"https://github.com/wintermi/csharp-tmbundle/commit/","commits":[{"commit":"70ac8ea21840718577a48e95036d3c4a3f2cb838","body":"Make the menu naming consistent, plus modify to use the mcs command vs gmcs, since this the recommended unified mono compiler command since 2.11","date":"2013-12-27T13:30:51+11:00","author":"Matthew Winter","summary":"Update commands"},{"commit":"be237d0a3afff713131da5048ae6e3d606a63d94","date":"2013-12-27T13:00:50+11:00","author":"Matthew Winter","summary":"Merge Pull Request Issue #9"},{"commit":"3b0eff1199ca1594373faee755b982d4514cf230","body":"Fix issue #8, ensuring the filenames are Windows compatible.","date":"2013-12-27T12:38:45+11:00","author":"Matthew Winter","summary":"Issue #8"},{"commit":"821a137573edd74102792d050c14415c715771cb","date":"2013-12-27T00:24:46+01:00","author":"Umberto Zerbinati","summary":"Added Mono Support For Mac"},{"commit":"46d4b0e8a8f84516e567e9636796f1df027fabb5","body":"This will look up the current selection / word via http://docs.go-mono.com\n\nI could expand this but then we'd need to parse JSON.","date":"2012-08-23T17:28:07-07:00","author":"Adam Lickel","summary":"Commands: Documentation for word"},{"commit":"ba920044a81640dfc6356c26e4a4407c557ee09b","date":"2012-08-20T16:58:45-07:00","author":"Adam Lickel","summary":"Grammar: Missed change"},{"commit":"2011d9795d3de73f45572d868e9ebc1b8ad985b8","date":"2012-08-20T16:54:39-07:00","author":"Adam Lickel","summary":"Grammar: Add a bunch of linq statements for #5"},{"commit":"17eb045e56201434815cd2a1735496597274aa67","date":"2012-06-12T09:37:09-07:00","author":"Adam Lickel","summary":"Added additional known issue to README."},{"commit":"f370d857eab36d59419772604203456ede63f9a8","body":"e.g. int[] foo = { 1, 2, 3 }","date":"2012-05-27T18:45:59-07:00","author":"Adam Lickel","summary":"Parameters: Allow assignment blocks"},{"commit":"04264aac5e77181926ea0a4de60f0ce7600da7da","date":"2012-05-27T18:40:15-07:00","author":"Adam Lickel","summary":"README: Clarified array parameters"},{"commit":"04124d3115882858ec0f6184f3e7356b9b4efad0","date":"2012-05-27T18:22:54-07:00","author":"Adam Lickel","summary":"Cleanup readme"},{"commit":"fc0c442e665ffc5479897894d67ab10ffea8de1d","date":"2012-05-14T17:38:11-07:00","author":"Adam Lickel","summary":"Updated README"},{"commit":"e77d723b29bf1c8ea214f87c8ee370d8f4ad7999","date":"2012-05-12T01:25:26-07:00","author":"Adam Lickel","summary":"README: Update for variables"},{"commit":"4ac38291b8f978501752c119aacd9c0620b9249a","date":"2012-05-12T00:51:19-07:00","author":"Adam Lickel","summary":"Variables: Handle non-generics"},{"commit":"24aefed6b199d2b021529ad346d2f6c56e2f2ca9","date":"2012-05-10T13:56:33-07:00","author":"Adam Lickel","summary":"README: Updated known issues"},{"commit":"fd6898b769a50d8fa4efadd874d039f52fc79cfa","date":"2012-05-10T13:54:32-07:00","author":"Adam Lickel","summary":"Syntax: Added keywords &amp; storage modifiers"},{"commit":"c0a2da8eeb8bab608e0610c3cc81306a7a1b8cf7","date":"2012-05-10T09:17:06-07:00","author":"Adam Lickel","summary":"Symbol List: Properly handle implicit interfaces"}],"name":"C#"}