{"commits":[{"commit":"64294ae0b62b64b1183c401e3803679eaddb4946","date":"2015-08-24T17:46:25-05:00","author":"Michael Sheets","summary":"Correct scope typos"},{"commit":"81d7236738ff2f29eb61847c75993254807de047","date":"2015-08-23T14:45:00+02:00","author":"Paul Chaignon","summary":"Allow annotations in enumerations","body":"Fixes #35"},{"commit":"5f4204576e13a73c9dfce525d8ced41a39d004c3","date":"2015-07-22T12:16:17-05:00","author":"Curt Sellmer","summary":"Remove rules recognizing invalid escapes sequences","body":"According to the spec there are no invalid escape sequences,\nbecause the load() method will simply ignore a backslash before\nany character that does not denote a known escape sequence."},{"commit":"e19a9449791472f41ca7ebe6a5163595c8099598","date":"2015-07-09T14:14:17-05:00","author":"Curt Sellmer","summary":"Rewrite grammar for Java Properties files.","body":"Recognize line continuations as a separate type of punctuation.\nBetter handling for escape sequences in both keys and values.\nDisplay invalid escape sequences.\nHandle keys without values correctly.\nAdd disableIndentCorrections := true for properties files as\nindent corrections are more annoying than helpful for this type of file."},{"commit":"bed5760ae0ca4784fc153e0323978a096ea656dc","date":"2015-03-23T17:53:44-04:00","author":"Alexander Lent","summary":"Alter constant string snippet to be more standard","body":"Most style guidelines recommend that the keywords are in alphabetic order, so rearrange them to be in this order.\r\n\r\nSee Google&#39;s style guidelines: https://google-styleguide.googlecode.com/svn/trunk/javaguide.html#s4.8.7-modifiers\r\nSee the Java Language Specification: http://docs.oracle.com/javase/specs/jls/se7/html/jls-3.html#jls-3.9\r\n\r\nCompanion to commit 2024f8e9afa4fe109b8c0a30d55856fb92a93f7c"},{"commit":"2024f8e9afa4fe109b8c0a30d55856fb92a93f7c","date":"2015-03-23T17:51:17-04:00","author":"Alexander Lent","summary":"Alter keyword order in constant snippet","body":"Most style guidelines recommend that the keywords are in alphabetic order, so rearrange them to be in this order.\r\n\r\nSee Google&#39;s style guidelines: https://google-styleguide.googlecode.com/svn/trunk/javaguide.html#s4.8.7-modifiers\r\nSee the Java Language Specification: http://docs.oracle.com/javase/specs/jls/se7/html/jls-3.html#jls-3.9"},{"commit":"ccdebdf888400c492ea55884e03a8f9d1b61de8b","date":"2015-01-22T23:01:49+01:00","author":"Paul Chaignon","summary":"Highlight volatile like synchronized"},{"commit":"ba659c17e85004ab3805faf02c14f56a33d30ab7","date":"2014-06-02T15:54:55+04:00","author":"lastsecondsave","summary":"Allow comments inside method&#39;s signature"},{"commit":"7c6ea22d7683bc85b25e9766beda2dccdbb99420","date":"2014-04-01T05:42:08-05:00","author":"Michael Sheets","summary":"Improve numeric literal matching","body":"Revised to be current as of Java SE 8, add test document. Fixes #26."},{"commit":"ba10e91f122c25ee0bebd60479de6ff4d70a565b","date":"2014-02-22T19:12:45-06:00","author":"Michael Sheets","summary":"Allow comments inside enum declarations"},{"commit":"412bf29be0c865d154f773b6e98d1646ce2e6244","date":"2013-09-29T19:16:37-05:00","author":"Michael Sheets","summary":"Ensure variable name is not a reserved word","body":"Also do not allow variable name to be a carriage return, fixes #22."},{"commit":"62b012711783f39b4e34caf82d2cf7ec46f9fd7c","date":"2013-09-29T17:49:13-05:00","author":"Michael Sheets","summary":"Don&#39;t indent after annotations","body":"Excludes @Annotation lines from indentNextLinePattern when they are on a line by themselves or are followed by `(`. Fixes #19."},{"commit":"8c5fddedea76bf9d424b5a18217465ccd82c1753","date":"2013-09-29T16:07:58-05:00","author":"Michael Sheets","summary":"Rewrite grammar to better match spec","body":"This solves several issues with the previous grammar. Also change root scope to longer treat source.java as a parent grammar. Fixes #8 and #23."},{"commit":"eba30722e2d5959ff77d460d3c7728af5d3c364d","date":"2013-09-29T03:22:32-05:00","author":"Michael Sheets","summary":"Simplify decreaseIndentPattern rule","body":"Simple require a closing brace at the start of a line to decrease the indent level rather than checking the rest of the line. This improves behavior in if/else cases where braces, etc are placed after the closing brace. Fixes #24."}],"name":"Java"}