{"commits":[{"commit":"010cc1c22c89c117ad4c985997668c3903dc37f0","date":"2016-07-03T11:08:18-05:00","author":"Michael Sheets","summary":"Allow &lt;?php ?&gt; snippet to work in any document","body":"This works anywhere in a PHP document and only at the very start of any other document. Along with the recent firstLineMatch changes in TextMate this means using the snippet on the first line of an untitled document will automatically set the document language to PHP.\n\nDue to this change the <kbd class='keyEquivalent'>⌃&</kbd>gt; shortcut has been removed."},{"commit":"c3dd29eb55e171aa1aee810f5ae32e7675328326","date":"2016-07-03T11:14:03-05:00","author":"Michael Sheets","summary":"Add `&lt;?php` to firstLineMatch"},{"commit":"9cfcc6d3c0fb76ef37232e28a4380f698f46ebcd","date":"2016-06-29T22:43:51-05:00","author":"Michael Sheets","summary":"Reduce specificity of injection scope","body":"This allows the PHP grammar to be included in languages that do not match the `text.html.php` scope."},{"commit":"3ed4837b43d3f650ebb525b068636281942883a0","date":"2016-02-12T03:32:39-06:00","author":"Michael Sheets","summary":"Use TM_DIRECTORY as default search directory","body":"This is needed as the active file&#39;s directory is no longer the default working directory when running commands. Fixes #69."},{"commit":"2ecaa60d92b92d4c07f243207ba1d5b2114bb70a","date":"2015-10-19T04:24:11-05:00","author":"Michael Sheets","summary":"Update grammar, completions, etc. to PHP 7.0"},{"commit":"03b31ee34f0d81607681e8234970f63b0f67925a","date":"2015-10-17T19:27:50-05:00","author":"Michael Sheets","summary":"Update generate scripts","body":"- Point to ruby 1.8 installed via Homebrew\n- Switch to git repository for phd\n- Update included library paths"},{"commit":"baad875878c402b7b404a63616531644e538bf0c","date":"2015-08-10T01:30:33-05:00","author":"Michael Sheets","summary":"Allow Run and Help to run outside PHP tags","body":"Since we now give a specific root scope to PHP files we can allow these to be scoped to the entire file rather than being limited to inside PHP tags."},{"commit":"1cba1ac4a9ffa301b1d92b735c298fcb60cc3e3a","date":"2015-05-30T20:26:22+03:00","author":"Indrek Ardel","summary":"Make array in function arguments case insensitive","body":"Fixes textmate/php.tmbundle#62"},{"commit":"ab51caca93ccbfc78b2d4a268297ed10920a627c","date":"2015-05-30T15:16:14+03:00","author":"Indrek Ardel","summary":"Allow whitespace between [] in function argument"},{"commit":"0239f475bbf97ab68dddb4f456f7fbf7a8f4bf76","date":"2015-05-09T00:38:22-05:00","author":"Michael Sheets","summary":"Move over folding rules from HTML bundle","body":"Limiting the PHP folding rules to the PHP scope limits unexpected foldings in HTML grammar reuse."},{"commit":"7178a102ce62352d3512301f62ddec8157cd0d8a","date":"2015-02-12T01:49:20-06:00","author":"Michael Sheets","summary":"Doc Snippet: Allow for static keyword in declarations","body":"Fixes #60."},{"commit":"9ed831e61a3df0a499525e1d50438f6b834d8b38","date":"2015-02-05T11:22:08+07:00","author":"Allan Odgaard","summary":"Further work on escapes in single-quoted regular expressions","body":"The previous simplification would accept \\\\&#39; as an escape sequence, although a string containing that, would not be identified as a regex, so I also updated the rule to identify regular expressions, so that this rule also use the more correct escaping rules."},{"commit":"807eeba93c461376a7720446092f921ab9551db7","date":"2015-02-05T00:42:55+07:00","author":"Allan Odgaard","summary":"Improve/simplify escaping rules for single-quoted regexps","body":"The rules have been generalized so that anything can be escaped (in the regex) where previously we only supported escaping known special characters. I think the former is better, since there shouldn’t be an issue with over escaping things in a regex, whereas not matching all escape sequences can easily lead to incorrect parsing.\n\nThe previous version of this grammar missed some edge-cases and accepted double-backslash in front of an apostrophe (as a way to escape the quote).\n\nCloses #59."},{"commit":"1ae104d86b303a7cf8460a4abca2125331b7bab6","date":"2015-01-29T03:03:16-06:00","author":"Michael Sheets","summary":"Grammar: Support &#39;use function|const&#39; constructs","body":"Added in 5.6:\n\nhttp://php.net/manual/en/migration56.new-features.php"},{"commit":"8220f62034fb5478e039643ddbd60d18571a4532","date":"2015-01-22T01:36:12+01:00","author":"Jannes Jeising","summary":"Grammar: Add __debugInfo magic method","body":"This magic method is available since PHP 5.6.\n\nMore info for this method available here:\nhttp://php.net/manual/en/language.oop5.magic.php#object.debuginfo"},{"commit":"ac8fe467ea0ecb5d5119733b737e41b61633e1ce","date":"2015-01-29T02:55:45-06:00","author":"Michael Sheets","summary":"Grammar: Support extending multiple inherited classes","body":"Fixes #53."},{"commit":"f65a7e68a40c8e14cc92fb0d795091edf459aca9","date":"2015-01-29T02:34:37-06:00","author":"Michael Sheets","summary":"Grammar: Allow namespace declarations on opening line","body":"Fixes #51."},{"commit":"fb9ab9821755f4ca4de6527b5e40377f4541ee7e","date":"2015-01-29T02:10:55-06:00","author":"Michael Sheets","summary":"Update grammar, completions, etc. to PHP 5.6"},{"commit":"2150cead4697668ce7adb604a9a19c4d624c43ec","date":"2015-01-22T03:49:29-06:00","author":"Michael Sheets","summary":"Grammar: Account for dual escaping","body":"Due to the string being passed through two layers of escaping we need to treat `]` escaping inside character classes as a special case."},{"commit":"5d9b5d0d6eb9a4779aa02404ba733a2ff4fc955e","date":"2015-01-21T04:08:27-06:00","author":"Michael Sheets","summary":"Allow for empty arrays in parameter values"},{"commit":"d24593d75c3c5f01b4b0705a9e6db132c0cfd55b","date":"2014-08-24T14:10:06+02:00","author":"Allan Odgaard","summary":"Add support for php-cs-fixer (<kbd class='keyEquivalent'>⌃⇧H</kbd>)","body":"It is possible to set custom options via TM_PHP_CS_FIXER_OPTIONS (e.g. -vvv).\n\nInstalling ‘php-cs-fixer’ via homebrew requires setting ‘phar.readonly = Off’ in /usr/local/etc/php/«version»/php.ini. It also depends on homebrew’s php, which requires running ‘xcode-select --install’ (see issue Homebrew/homebrew-php#1212).\n\nCloses #25."}],"name":"PHP"}