{"commits":[{"commit":"08644ae1231ef4730fd4a028d832e63a6577ec65","date":"2016-07-05T19:00:24+02:00","author":"Allan Odgaard","summary":"Suppress error output when calling TM_QUERY","body":"We have fallback values for when the tool fails so error output is to be expected.\n\nThis change was done in response to textmate/textmate@0bb275b4f09a1394b62feb175fc91bd776b27598"},{"commit":"3258476052da9fc78940fad6f93915e16bfdac41","date":"2015-02-10T19:38:05-06:00","author":"Michael Sheets","summary":"Allow root-level scopes for scope names"},{"commit":"561fbf08918172af4ec26bb6dc4075baf838ccf5","date":"2014-11-01T01:36:19-05:00","author":"Michael Sheets","summary":"Support :true/:false for disabled key","body":"Also update snippet to use :true"},{"commit":"9efccd26d088f223c488dd9ecb853666dbb48599","date":"2014-09-13T00:01:56-05:00","author":"Michael Sheets","summary":"Use scope grammar for language grammars"},{"commit":"240b72f7322e4bb1ec8a126651a9b4a986c47268","date":"2014-09-09T01:47:45-05:00","author":"Michael Sheets","summary":"Add grammar for individual scopes","body":"To be expanded in the future to support scope selectors."},{"commit":"525fdaabfbf6070143115303c693708ef3a79d6e","date":"2014-07-31T12:54:33+02:00","author":"Allan Odgaard","summary":"Do not require rubygems (not available via ruby 1.8 on Yosemite)","body":"I also removed the other unused (and commented) includes."}],"name":"Bundle Development"}