{"commits":[{"commit":"ccc727225a5c190cb0f5d08fa2ce2cbfa96e6645","date":"2017-01-30T12:53:48+01:00","author":"Martin Kühl","summary":"Improve case block indentation","body":"Add regex matching the most common case-pattern variant `&lt;text&gt;)` to both `increaseIndentPattern` *and* `decreaseIndentPattern`.\nThis results in case blocks being indented relative to the case statement and case patterns staying on the same indentation, matching the default case…esac snippet.\n\nA user who wishes to indent the whole case body by an additional level can adapt the snippet, the indentation rules will support that style while typing. The “Indent Selection” command will still revert to the original style though.\n\nCloses #24"},{"commit":"2677fdc83ed9d6a517d5d204e003f49141fc72e4","date":"2016-11-03T13:48:43+01:00","author":"Martin Kühl","summary":"Allow whitespace in here-docs and here-strings","body":"Bash allows whitespace after the here-doc and here-string &quot;operators&quot; (`&lt;&lt;`, `&lt;&lt;-`, `&lt;&lt;&lt;`) just as it does after redirection &quot;operators&quot;.\n\nThis change adds `\\s*` to all regexps matching here-strings and the beginnings of here-documents.\n\nCloses #33."},{"commit":"46e5f293758d5e24349795271dbe51ea239d9f6b","date":"2016-10-27T17:45:14+02:00","author":"Martin Kühl","summary":"Add scope to shebang lines"},{"commit":"d0650a8304776f80382ad29eb98cd4ff38ef17c0","date":"2016-08-31T00:02:41-05:00","author":"Pat Gaffney","summary":"Add grammar support for readarray (array input)"},{"commit":"a025ab13c43e95e058d2bfaf8e89c55b38ff0aaf","date":"2016-08-31T00:01:43-05:00","author":"Pat Gaffney","summary":"Add grammar support for mapfile (array input)"},{"commit":"5e3796c9972e59ea660724b947d060b95dc83ea5","date":"2016-08-30T23:37:30-05:00","author":"Pat Gaffney","summary":"Add grammar support for coproc (coprocess command)","body":"Bash 4.0 introduced coprocesses -- a way to execute commands asynchronously in a subshell."},{"commit":"c8796d1105420249ddc338e3f6acf9d816d938eb","date":"2016-08-26T19:59:19+02:00","author":"Martin Kühl","summary":"Deny backslashes in block variables","body":"The variable names in for-in loops and select blocks are really variable\nnames, not strings, and may not contain backslashes or escape sequences."},{"commit":"8879eba3f2ccaa6581135b1b28783de9bf875214","date":"2016-08-09T18:06:28+02:00","author":"Martin Kühl","summary":"Relax requirements for emacs mode lines","body":"Thanks @nanoant for the suggestion!\n\nCloses #25"},{"commit":"887a69bdd7558f7aa2ecba28ffb224881bad6cb3","date":"2016-04-28T10:43:01+02:00","author":"Martin Kühl","summary":"#function-definition: Don&#39;t match illegal characters"},{"commit":"d59abb4e0da0d49312b2c7442736fbf7ea2f6852","date":"2016-03-14T13:35:53-03:00","author":"Felipe Meneguzzi","summary":"Update Open Directory to work with iTerm2","body":"Updated Open Directory command to work with iTerm2 using new [Applescript syntax](https://www.iterm2.com/applescript.html)\n\nFixes #28"},{"commit":"0bb3ff403ded67d6f650267b1db2afc1e99717bb","date":"2016-04-27T23:44:38-05:00","author":"Michael Sheets","summary":"Match strings before function definitions","body":"This prevents matching strings containing paired parentheses as function definitions.\n\nExample:\n\n```\n&#39;foo()&#39;\n```"},{"commit":"cb6e72e1dff7ed234e3cd2bdf1dc065e19787ca9","date":"2015-10-26T11:58:43+01:00","author":"Martin Kühl","summary":"Custom word boundary matchers","body":"The regexp engine and the shell grammar don&#39;t agree on what comprises\na “word boundary”. This led to problems where a command or path\nending in a shell keyword would be interpreted as that keyword.\nThis change replaces `\\b` word boundary matchers with lookahead/-behind\nmatchers on whitespace, line breaks, and command separators (&quot;;&quot; and &quot;&amp;&quot;).\n\nCloses #22."}],"name":"Shell Script"}