{"name":"Tcl","commits":[{"summary":"Add tcl shebang line snippet (<kbd class='tabTrigger'>tcl⇥</kbd>)","author":"Michael Sheets","commit":"f06f80144c01ff1e3836cef21cbac62f8e1c5df6","body":"This is usable in any document provided the `tcl` trigger is at the very start of the document.","date":"2013-08-07T23:14:55-05:00"},{"summary":"Add initial semantic classes.","author":"Michael Sheets","commit":"146d8faf903841754715cd09651dc37497ec75a9","date":"2012-09-10T03:28:05-05:00"},{"summary":"Change tm-file: → file:","author":"Michael Sheets","commit":"082e152cf191ecfb6463285b04567eb4400d8236","date":"2012-08-25T20:18:36-05:00"}]}