{"commits":[{"commit":"604baa169eb923528fc56c9c8a912d79d91074ee","date":"2016-11-29T10:08:58+07:00","author":"Allan Odgaard","summary":"Forward INT and TERM to process group","body":"Starting with d7a57284853845bc1ca794a728bc9fdd3a911d92 a new process group is created for the direct child, which means that TextMate would not reach this child (or any of its children) when sending SIGINT/SIGTERM."},{"commit":"0672aefec1ab7daf6fb0ea6835cb0c90270f97e1","date":"2016-09-20T15:36:39+02:00","author":"Allan Odgaard","summary":"Allow whitespace before (error|warning|note) in compiler output","body":"This is for gutter marks and whitespace has been observed in the output from clang (building swift code)."},{"commit":"d400d9d6a6234ccf3388d185c178b18a29078ada","date":"2016-08-30T03:46:27-05:00","author":"Michael Sheets","summary":"Remove min_support function","body":"This was only in use in one bundle and has now been removed."},{"commit":"f656497e00b07d6ca5c4d6b9b9ee49e8e985f0da","date":"2016-08-29T02:47:50-05:00","author":"Michael Sheets","summary":"Remove erb_streaming library","body":"This has been moved into the Subversion bundle as it was only ever used there."},{"commit":"491671b7df38de745c95af53dd320ee1bb7883eb","date":"2016-08-28T22:59:57+02:00","author":"Stefan Daschek","summary":"Remove rubypants.rb","body":"Not used anywhere."},{"commit":"3a59a9245f99325f741fd6c57f087f7a45da113d","date":"2016-08-28T11:10:57+02:00","author":"Stefan Daschek","summary":"Remove bluecloth.rb","body":"Not used anywhere. And bundles that want to render Markdown should use `TextMate::Markdown.to_html` anyway (which uses Markdown.pl internally).\n\nAlso see https://github.com/textmate/typo3.tmbundle/pull/1"},{"commit":"de55f3995cfab34042334ab7ec56cf79c77cb8c5","date":"2016-08-08T13:46:21+02:00","author":"Stefan Daschek","summary":"Executor output: Highlight line if file reference link is clicked.","body":"Motivation: Make it easier to keep track of the file reference link you just clicked on: You click on a link, focus changes to the associated source document, and now you’re wondering: “What’s the exact error message associated with this line again?” If the output window contains a lot of links it can be hard to find the exact one you just clicked to read the associated message.\n\nI experimented with highlighting the link only, but highlighting the whole line somehow works better (especially for quickly looking at the associated message)."},{"commit":"3daa09d26291dbb2ab63a3c0c0b6b5153b778402","date":"2016-08-28T23:46:24+02:00","author":"Stefan Daschek","summary":"Remove browser.rb","body":"Looks kinda outdated (I suspect it falls back to just executing `open &lt;url&gt;` in the vast majority of the cases anyway) and is used by the blogging bundle only, so let’s move it over there.\n\nNote: Requires https://github.com/textmate/blogging.tmbundle/pull/9 to be merged first."},{"commit":"b67c902a12b0d6e23387f2b1f6c3509aa807b615","date":"2016-08-25T09:55:10+02:00","author":"Allan Odgaard","summary":"Add exit_insert_snippet_no_indent","body":"This is useable with TextMate 2.0-beta.12.5."},{"commit":"04fe9d541c6987bfd5c4efb54791ef0f0fcd8112","date":"2016-08-08T20:34:14+02:00","author":"Allan Odgaard","summary":"Restore SmartyPants.pl","body":"This script is used by various Help commands, the Markdown → Convert to HTML, etc., so cannot be removed yet.\n\nThis partially reverts commit 09fb86e636ee0d8fe5e34e408214e46a1af3ef3f."},{"commit":"18728e83831647235fa6f472e078aee8b7f79714","date":"2016-08-04T18:04:51+02:00","author":"Stefan Daschek","summary":"Remove option `:no_markdown`","body":"I think this isn’t really used anywhere. And with the introduction of pre and post filters it somehow lost its original purpose.\n\nI decided to not delete the options argument from `#to_html` so that nothing breaks if there are indeed callers still using that argument."},{"commit":"09fb86e636ee0d8fe5e34e408214e46a1af3ef3f","date":"2016-08-04T17:34:56+02:00","author":"Stefan Daschek","summary":"Remove support for TM_SMARTYPANTS","body":"This can now instead be achieved by adding an appropriate entry to TM_MARKDOWN_POST_FILTER or by using a markdown processor with built-in support for generating “smart” typography."},{"commit":"20e873fbb53f142adda96d47bc7c11945c58b757","date":"2016-07-17T01:18:19+02:00","author":"Stefan Daschek","summary":"Support TM_MARKDOWN_PRE_FILTER and TM_MARKDOWN_POST_FILTER","body":"See discussion in http://lists.macromates.com/textmate/2016-July/039720.html"},{"commit":"68fed7bdf5dcf5e525a81862cacee8012e6d46a4","date":"2014-04-07T14:41:08+02:00","author":"Andrea Mazzini","summary":"Removed &#39;unused pid variable&#39; warning"},{"commit":"39f5ab16f17156ce95880610898615d037cda52d","date":"2016-06-08T10:56:43+02:00","author":"Allan Odgaard","summary":"Note icons added to the gutter were never removed"},{"commit":"d7a57284853845bc1ca794a728bc9fdd3a911d92","date":"2015-12-01T20:21:58+01:00","author":"Adam Strzelecki","summary":"Let ^C terminate whole process group","body":"In opposite what what written in f50a13922d this represents real behavior of\nshell, which executes commands in separate process group (aka session) and ^C\nsends signals to whole process group, effectively not leaving any leftover\nstray processes running.\n\nThis is done by:\n\n1. Calling ::Process.setsid starting new session and making the forked process\n   a process group leader.\n\n2. Using ::Process.kill(&quot;-SIG&quot;) prefixing signal with &quot;-&quot; which effectively\n   sends signal to process group.\n\nNow TextMate is finally able to properly tear down `go run` and similar wrapper\nprocesses."},{"commit":"a48fa7f545068d4861fed968e0bfc897d41e52d6","date":"2015-12-02T01:29:33-06:00","author":"Michael Sheets","summary":"Add shim for Ruby 2.x","body":"This script ensures that scripts are run with the predictable system supplied version of ruby rather than a user-installed future version. It also allows future customization of the version of ruby or it&#39;s environment."},{"commit":"4c9bc6e46002bf964278ea27770eab2127212cd6","date":"2015-10-24T16:02:34+08:00","author":"windwiny","summary":"Move output copy confirmation to bottom bar","body":"This is instead of replacing the output above."},{"commit":"600c1c7a08870364c6bfd9c877231b7d65312b1d","date":"2015-10-16T21:05:29+07:00","author":"Allan Odgaard","summary":"Convert non-breaking spaces back when copying command output","body":"Technically we could convert intentional non-breaking spaces, but it seems this would be extremely rare, especially as we only convert non-breaking spaces found either at the beginning of lines, or following a regular space, as that is the only places where we generate non-breaking spaces (in our htmlize function)."},{"commit":"63a04ca6318d406acdac9275912efb87d893384f","date":"2015-05-26T20:51:00-05:00","author":"Michael Sheets","summary":"HTMLOutput: Make plain the default theme"},{"commit":"a8f35ce61b3722e3356d7b8459949bb8ef9ac28a","date":"2015-02-03T23:21:07+07:00","author":"Allan Odgaard","summary":"Suppress default behavior when handling the <kbd class='keyEquivalent'>⌃C</kbd> key","body":"Similar should probably be done for the Git Blame command which might make textmate/textmate@a627991ac378254ea449f2bd6938563d2f8ca97b unnecessary (PR textmate/textmate#1261)."}],"name":"Bundle Support"}