{"commits":[{"commit":"2584075696fb340908fa510be9b0cb3876a3f66f","date":"2016-09-14T02:33:59-05:00","author":"Michael Sheets","summary":"Add swift preprocessor lines"},{"commit":"06f14cb0bc190e635ffe20030526ec191fb3bb7f","date":"2016-09-14T02:32:33-05:00","author":"Michael Sheets","summary":"Update scope for highlighting string embeds","body":"Switch to using meta.embedded for more complete matching."},{"commit":"39197291dbde01a90cda8bb0729f5a2554d99f40","date":"2016-08-11T14:42:34-05:00","author":"Michael Sheets","summary":"Comment out fixed rules to prevent printing crash","body":"Having these in the CSS for some reason causes printing the webview to crash. Removal is hopefully temporary while the root cause can be narrowed down."},{"commit":"3b991e70f6e915b926745200d5bd93423db3dc5e","date":"2016-08-09T15:42:10-05:00","author":"Michael Sheets","summary":"Revert &quot;Override position rules during printing&quot;","body":"Only fixed the issue at hand in certain situations, pulled for a more complete solution. This reverts commit 547d9ea2d8647f1385673bff5f664f858b4c2536."},{"commit":"547d9ea2d8647f1385673bff5f664f858b4c2536","date":"2016-08-07T14:18:12-05:00","author":"Michael Sheets","summary":"Override position rules during printing","body":"Using `position: fixed;` for these elements causes printing to crash even though they are hidden. Overriding their valid with `static` prevents this crash."},{"commit":"c3b783095ea29375cd85376fbbd084daf916baa7","date":"2015-05-26T16:37:11+02:00","author":"Adam Strzelecki","summary":"Plain output theme: No need for separate print.css","body":"Default print.css is just good enough, so we can get rid of the special one,\nwhich makes top header to be printed."},{"commit":"dfbf1a484356ef50e3d00e46e23beee7f76ec94e","date":"2015-05-16T19:55:31+02:00","author":"Adam Strzelecki","summary":"Plain web output theme matching system L&amp;F","body":"This theme is less intrusive than other bright themes and integrates well with\nOS X Yosemite L&amp;F. It uses system fonts for all output.\n\nIt is based on great Scott&#39;s theme:\n\n  https://github.com/textmate/scott.tmbundle\n\nNOTE: Theme switched stays invisible until it is hovered."},{"commit":"63b9aeb34d78418ad11a0cd64b4128dc8af015e6","date":"2014-11-27T10:35:17+07:00","author":"Allan Odgaard","summary":"Remove font setting for unprintable characters"},{"commit":"f14a01bb4e8e263f41e2c7765c680d63057bbd40","date":"2014-10-24T13:53:42-05:00","author":"Michael Sheets","summary":"Improve meta.tag matching","body":"Match tags in places other than solely HTML files."},{"commit":"0622feef3e68022377382003cc7edad166514c13","date":"2014-10-24T13:52:03-05:00","author":"Michael Sheets","summary":"Improve meta.tag matching","body":"No longer specially target entities within source.* documents as it was causing issues with tags when used in source files."}],"name":"Themes"}