{"commits":[{"commit":"79b5c5016279f0739abd3d7242e1af3c7add3a1a","date":"2014-04-26T23:11:08-04:00","author":"Ronald Wampler","summary":"Call commit window asynchronously in status view","body":"Fixes #3"},{"commit":"e9496c4647b60e15d26f599e3fc1e06f57fc492d","date":"2014-07-15T15:25:55-05:00","author":"Michael Sheets","summary":"Use requiredCommands to locate hg"},{"commit":"014a032bf95111d3db7445137c1d0a17e0dee5c7","date":"2014-03-29T21:32:02-04:00","author":"Ronald Wampler","summary":"Enable diffs in Commit Window"},{"commit":"fd57b3db2c6830977bfa16ca0e6d7b0f8ba64db0","date":"2014-03-29T21:28:25-04:00","author":"Ronald Wampler","summary":"Update a comment to reflect the new behavior when canceling a commit","body":"While we were here, fixed a few whitespace/alignment issues."},{"commit":"1d418892fe88e0b336ef5d9c1556ae5290a28524","date":"2014-03-28T23:52:00-04:00","author":"Ronald Wampler","summary":"Exit gracefully when cancelling commit","body":"TextMate treats any non-zero exit code as an error and will issue a warning dialog. If we decide to cancel the commit for some reason (e.g., due to conflicts), we should just let the user know and not TextMate via exit codes."},{"commit":"de2cf84b8976060ba21f08e5b76a05214be3fe27","date":"2014-03-28T22:47:03+10:30","author":"Matthew Schinckel","summary":"Add syntax for commit message editing.","body":"This is based on the git commit message syntax, and contains\nall of the same features that make sense."},{"commit":"9da66eb1cf8371934ef1a42108eb7eb17a4f314a","date":"2013-10-22T14:53:26+02:00","author":"Tuk Bredsdorff","summary":"Use the ellipsis character instead of dots"},{"commit":"5c5d6227439bc5895501c755430c50501c9d38b9","date":"2013-10-22T14:17:47+02:00","author":"Tuk Bredsdorff","summary":"Make &quot;Diff with Working Copy…&quot; the default item","body":"This is when pressing &quot;d&quot; when the SCM menu is showing and it is implemented by adding an invisible space character to the items that should be skipped."},{"commit":"38e72ef25c5b68776d63efed42bb2c55819c8abd","date":"2012-09-25T06:01:46-05:00","author":"Michael Sheets","summary":"Remove usage of main preference file for font values.","body":"Instead use the TM_QUERY tool."},{"commit":"11f8f1d90c47e212499b493e25707e1eb2a0bda7","date":"2012-09-19T04:37:27-05:00","author":"Michael Sheets","summary":"Use TM_APP_IDENTIFIER to find the preference file."}],"name":"Mercurial"}