{"commits":[{"commit":"acbbbd66a0fe6f44ec62cacad57764e658bc7c46","date":"2016-08-09T18:57:59+02:00","author":"Martin Kühl","summary":"Fix list comprehension snippet","body":"The scope for the empty list seems to have changed.\nThis change applies it, enabling the list comprehension snippet again."},{"commit":"df3d54278a3ab3cfb30c37d94e06587478cc79ad","date":"2015-11-29T20:19:51-06:00","author":"Michael Sheets","summary":"Remove usage of character class intersections","body":"This is due to a limitation of the Github implementation of the grammar parser. Github uses PCRE instead of the Onigmo engine TextMate uses. The syntax features of each are very similar but PCRE does not implement intersections in character classes (`[a-z&amp;&amp;[^aeiou]]`).\n\nI&#39;ve removed all uses of intersections in favor of more conventional look-arounds."},{"commit":"c3137ccc287c096f6436a80d71b32348df1102cc","date":"2015-03-20T05:44:42-05:00","author":"Michael Sheets","summary":"Grammar: Support whitespace gap escaping in strings","body":"Fixes #10."},{"commit":"238006540979e74119aa319a3e8acad2cbbb3225","date":"2015-02-13T16:56:15+01:00","author":"René Schwaiger","summary":"Grammar: Fix scope for functions ending with apostrophe","body":"Before this change a function that had the same name as a standard\nfunction except that it ended with a `&#39;` e.g. `flip&#39;`, had a partially\nwrong scope. The part before the apostrophe was reported as\n`support.function.prelude.haskell`, while the apostrophe had the scope\n`source.haskell`. Something like `flip&#39;` is a valid function name in\nHaskell. This means the scope of the whole function name should be the\nsame. After this commit function definitions like `flip&#39;` or `sum&#39;`\nhave the scope `source.haskell`, just like any other custom function\ndefinition."},{"commit":"30fa1e283244960e520694d8db6189d9b2bde9f5","date":"2014-11-05T21:44:04+01:00","author":"Vicent Marti","summary":"Add boundary characters to `module (.*) where` definitions","body":"Without boundary characters like all the other `where` definitions, any variable called `moduleSomething` would trigger the `module` context."}],"name":"Haskell"}