{"commits":[{"commit":"1421c6ba47ba697742d615e92852cfe106e0879e","date":"2015-11-29T21:07:04-06:00","author":"Michael Sheets","summary":"Extend variable scope to variable.other"},{"commit":"ccf70ffc5df2146f61ead830fb9e8845f0594f87","date":"2015-11-19T14:29:47-05:00","author":"Ronald Wampler","summary":"Update grammar and completions for CMake 3.3.2"},{"commit":"286cb3b43333a2aa659b81cac34ef8ed646482d3","date":"2015-11-19T14:05:27-05:00","author":"Ronald Wampler","summary":"Add &#39;Test&#39; command","body":"This allows running tests using the ctest tool distributed with Cmake."},{"commit":"6e5643a495ed099feba44a7766e4b35890790a41","date":"2015-11-19T12:40:59-05:00","author":"Ronald Wampler","summary":"Add &#39;Build&#39; command"},{"commit":"590cb95dc089b0b020b5d210f8c36e70253b867a","date":"2015-11-19T11:15:27-05:00","author":"Ronald Wampler","summary":"Add &#39;Run&#39; command"}],"name":"CMake"}