{"commits":[{"commit":"82f2ffb82db588a94ddbc6b8fad4f895a81f7827","date":"2016-09-28T20:38:29+02:00","author":"Allan Odgaard","summary":"Make the Markdown preview update on document changes"},{"commit":"c4fdf84165f8a694a7d641b546051f66308839b6","date":"2016-08-07T18:17:23+02:00","author":"Stefan Daschek","summary":"Remove MathJax support","body":"This functionality has been extracted into its own bundle: https://github.com/noniq/Markdown-MathJax.tmbundle\n\nSee https://github.com/textmate/bundle-support.tmbundle/pull/19#issuecomment-237811387 ff. for rationale."},{"commit":"6bfce796acd4d907bb4d926e8c7ce1e34d292b92","date":"2016-08-07T23:51:09+02:00","author":"Stefan Daschek","summary":"If project directory is set, use it as working directory.","body":"This allows to use project-specific Markdown processors: If you have for example a Ruby project using the Redcarpet gem, you can now set `TM_MARKDOWN` to `bundle exec redcarpet` (optionally specifying additional command line options for configuration) in the project’s `.tm_properties` to use this exact version of Redcarpet for the preview command."},{"commit":"d39076acc4269aee13cb848d145e664af4b2bab2","date":"2016-08-07T14:09:06+08:00","author":"windwiny","summary":"Preview of an untitled document would fail","body":"Calling File.exists? with a nil parameter is not supported."},{"commit":"095ad165f8f4272a92cf17ed56ba24ca932a7d3d","date":"2016-07-17T00:28:19+02:00","author":"Stefan Daschek","summary":"Convert Preview command to use TextMate::Markdown","body":"See http://lists.macromates.com/textmate/2016-July/039723.html for rationale. This rewrite should behave exactly like the previous version of the command.\n\nUsing `TextMate::Markdown` seems like a perfect fit, and it is easy to extend this code to support the `TM_MARKDOWN_FILTER` (as discussed on the mailing list)."},{"commit":"5f7e7019872557292737cef4986e5287e84bb8c4","date":"2016-06-17T02:53:19-05:00","author":"Michael Sheets","summary":"Include default typing pairs when used with selection","body":"This was mistakenly augmenting the list of quotes from raw/links rather than the standard default typing pairs. Now includes the defaults with the sole addition of &#39;&#39; quotes."},{"commit":"2ef1dd121ed1621e4aaa7680cfb120b354e932a4","date":"2016-01-11T21:42:45+01:00","author":"Martin Kühl","summary":"Harmonize `Raw` command with its siblings","body":"This change makes the `Raw` command structurally\nmore similar to the commands `Bold` and `Italic`.\n\nIn addition, this fixes a problem where invoking the `Raw` command\nover a word using a keyboard shortcut would leave the caret before\nthe trailing ` instead of after it\n(which is where both `Bold` and `Italic` leave it)."},{"commit":"1b120748ff0cfc460f09dac221386513c7e8ca15","date":"2015-10-16T01:16:40-05:00","author":"Michael Sheets","summary":"Enable smartTypingPairs for raw text (`) with a selection"},{"commit":"45e21fa1ae68a9fb12a0a7a220ea301f832ef0df","date":"2015-06-29T10:42:54-03:00","author":"dipnlik","summary":"Added documentation for automatic links","body":"This feature is somewhat hidden in the official Markdown documentation (it&#39;s near the end, at &quot;Miscellaneous&quot;) but here it was fully hidden because it wasn&#39;t mentioned at all."},{"commit":"60f86ccce798d3a9f58f0bd630571c4bdacef93e","date":"2015-09-23T00:10:26-05:00","author":"Michael Sheets","summary":"Enable single quotation marks with a selection"},{"commit":"0630d4c36f6ee555d9e37b6cf1ee47f2b664cfa2","date":"2015-01-02T15:24:27+01:00","author":"René Schwaiger","summary":"Support hyphen as list item separator","body":"Before this change the asterisk (*) was always used as marker for new\nitems. This lead to problems when we used a hyphen (-) in a list and\nwanted to create a new item. For example, if we have the following list:\n\n    - First item\n\nand created a new item via “New Item” we got the following list:\n\n    *- First item\n    *\n\nThe new code produces the following (correct) output:\n\n    - First item\n    -"},{"commit":"21c334d0eda154e21dc07e7e2b1b59c3315458cb","date":"2014-12-18T02:49:52-06:00","author":"Michael Sheets","summary":"Use explicit count modifiers","body":"The `{,N}` extension is not supported by most Regexp engines, as it is\nan Onigurma-only extension."},{"commit":"19c38f6129a36a50c890139517841be392aa30b1","date":"2014-12-16T16:07:39+07:00","author":"Allan Odgaard","summary":"The setext header snippets only fire when caret is at BOL","body":"Also, if the line above does not start with a word character, we do not try to underline it.\n\nRequires TextMate 2.0-beta.6.6 because of textmate/textmate@57033d89a3b44aeac5f4700288173d63b47c9656."}],"name":"Markdown"}