{"commits":[{"date":"2013-08-13T16:24:59+02:00","summary":"Use Lua grammar for scripts with a shebang containing ‘lua’","author":"Allan Odgaard","commit":"609fe340f40b31f4189dabbb38f885b58cf0dd26"},{"date":"2013-04-23T20:32:56+07:00","summary":"Update Run command (<kbd class='keyEquivalent'>⌘R</kbd>) to use TextMate::Executioner","author":"Allan Odgaard","commit":"424258d39bd7279de33cfb26e6c21a4c9852b7d8"},{"body":"Before the line comment would catch these lines before the block comment had a chance, now we check for the block case in the line rule.","date":"2013-02-06T05:43:57-06:00","summary":"Allow block comments that do not begin at the start of a line.","author":"Michael Sheets","commit":"ef70cb5d7a0b0842f967a19b561d093d7b3d110e"},{"date":"2012-09-08T02:00:34-05:00","summary":"Add initial semantic classes.","author":"Michael Sheets","commit":"55e2c453d27039ba411638eb518e78470a05480c"}],"name":"Lua"}