{"commits":[{"commit":"7a786e331dec2012f2f4321e26cdf8b946a5ae75","date":"2016-11-02T05:00:44-05:00","author":"Michael Sheets","summary":"Limit usage of _ as a regex delimiter","body":"Now requires whitespace between m and _ to prevent false positives.\n\n```perl\n$abc-&gt;m_xyz;\t\t# method\n\n$abc-&gt;s_xyz;\t\t# method\n\nm_xyz_;\t\t\t\t\t# constant\n\nm _xyz_;\t\t\t\t# pattern\n```"},{"commit":"c296f7e139624b14ee0b90013bad46f87ebaa8d0","date":"2016-10-30T04:10:24-05:00","author":"Michael Sheets","summary":"Remove outdated Help command"},{"commit":"2458d4954f042580a1f9f8c4bd47355ce80fe672","date":"2016-10-30T04:09:12-05:00","author":"Michael Sheets","summary":"Remove folding of C-style comments","body":"These are not supported in perl."},{"commit":"dedebdcfd43e7be93ea713c1932eb770fcbcea0d","date":"2015-11-21T00:08:21-06:00","author":"Michael Sheets","summary":"Revert &quot;Better matching of Perl 6 identifiers&quot;","body":"This is incomplete in it&#39;s handling of of the issue, needs to further match unicode characters and their boundaries. This reverts commit 86a50276f19121dcff39a774c17eaf606f251d9c."},{"commit":"86a50276f19121dcff39a774c17eaf606f251d9c","date":"2015-11-09T14:13:07+02:00","author":"Ahmad M. Zawawi","summary":"Better matching of Perl 6 identifiers"},{"commit":"5295d58df1de6871ac552668d6ed414ddc0f6811","date":"2015-03-16T10:59:28-07:00","author":"John Harrison","summary":"Match unicode characters in identifiers and package scopes"},{"commit":"0c2288577e80b13a2450abe499506f8410821c92","date":"2015-03-13T23:59:49-07:00","author":"John Harrison","summary":"Update package scope names to include &#39;knowhow&#39; from nqp"},{"commit":"3577877bda65c418e63d0d4e9ad0d61c1fb25da6","date":"2015-03-13T23:54:00-07:00","author":"John Harrison","summary":"Match nqp shebang lines"},{"commit":"1d10f23a21ef5d6f6c61bc58cf0944c48a6d3b4f","date":"2015-03-13T13:40:55-07:00","author":"John Harrison","summary":"Primitive support for parsing some package-scope declarations","body":"Also break out variable matching with separate scopes."},{"commit":"180d496c1a844334ab04c286383fdb9534ee4a33","date":"2015-09-17T14:21:45+02:00","author":"Florian Kinder","summary":"Do not treat &#39;m&#39;(hashkey) as a regex match begin"},{"commit":"9acd4fed30b188b77f64aba0443560cc2e3fb3a2","date":"2015-07-06T13:52:29+02:00","author":"Ferhat Yildiz","summary":"Associate .vcl (Varnish Configuration Language) with Perl"},{"commit":"57c9e4c108b82b6e89f75583c4d61e65104cc442","date":"2015-07-01T18:27:55+02:00","author":"Florian Kinder","summary":"Remove errant back reference"},{"commit":"1c648a8982228157e94a542334a4ecf2105f20bd","date":"2015-06-20T18:55:54+02:00","author":"Florian Kinder","summary":"Stop highlighting after __DATA__ and __END__"},{"commit":"fd81fe586b928b4c2852b43472b37bdc45a6d074","date":"2015-06-20T18:41:24+02:00","author":"Florian Kinder","summary":"Regex: Do not treat ( in a class as a group"},{"commit":"5c1901e2022d73289d288aa347c1c0f56e174d04","date":"2015-03-29T13:45:05+02:00","author":"René Schwaiger","summary":"Add support for Perl-Critic","body":"Perl-Critic is a Perl source code analyzer. The command contained in\nthis commit checks the current file with this tool. It opens a new HTML\noutput window containing clickable references to the problems found by\n`perlcritic`."},{"commit":"86743ff91c08c3d5ea95d80db2a80b2d0b942c9d","date":"2015-06-08T13:29:13+02:00","author":"Florian Kinder","summary":"Do not highlight the whole word as an escape sequence"},{"commit":"0ed629f047010c9743d97435960b4b2e0306d3e4","date":"2015-04-22T22:27:29+02:00","author":"Florian Kinder","summary":"Don&#39;t highlight ; in package name"},{"commit":"4b768e2ce11adc7926fd31cf5c9a3b83e05d05ca","date":"2015-03-31T16:01:03+02:00","author":"Florian Kinder","summary":"Grammar: Do not treat $) as a variable","body":"Fixes atom/language-perl#35"},{"commit":"4f68e874d8b9e01f01076d83c0f76c98acf8b806","date":"2015-03-19T13:12:59+01:00","author":"Florian Kinder","summary":"Grammar: Heredoc highlighting improvements"},{"commit":"b1f624ee3a3825f6dd1233f6379cc4d0deaac4e0","date":"2015-03-23T12:58:25+01:00","author":"Florian Kinder","summary":"Grammar: Ignore whitespace in comparison operator"},{"commit":"b1bb29792a749f247cbbfbaa937fff0f47d7d8a4","date":"2015-03-16T18:27:58+01:00","author":"Florian Kinder","summary":"Grammar: Improve regular expression matching","body":"* Change &#39;m&#39; to to use the same logic as &#39;s&#39; and &#39;qr&#39;\n* Allow &#39;_&#39; as seperator in find (m)\n* Reorder patterns\n* Improve find pattern\n\nFixes #1."},{"commit":"26c4e7c3732ff10e3bda9f862df34fe823b202fc","date":"2015-03-16T13:13:36+01:00","author":"Florian Kinder","summary":"Grammar: Add large escape sequence highlight support"},{"commit":"a5f370925017532b188f31d6b17897657315f902","date":"2015-03-16T12:05:08+01:00","author":"Florian Kinder","summary":"Grammar: Remove duplicate regex replace entry"},{"commit":"59abbba99000d9079352756aa5c27564952d877a","date":"2015-03-13T22:22:15+01:00","author":"Florian Kinder","summary":"Grammar: Disable escape highlighting in single quote &#39;q&#39;"},{"commit":"f7f98c580cf18ea60b34e1f8630a7f44be40aa02","date":"2015-03-12T20:56:30+01:00","author":"Florian Kinder","summary":"Grammar: Fix format highlighting","body":"* Allow &#39;_&#39; in format variable\n* Remove duplicate format entry"},{"commit":"e7a959f0d64ca4abe23356471af08cfec03ca730","date":"2015-03-10T20:11:41+01:00","author":"Florian Kinder","summary":"Grammar: Add missing perl5 functions","body":"+ Add function x\n+ Add operator not\n+ Add support for anonymous subroutines"},{"commit":"65984e664b5d49292b6ae01d6cb3366f5d4094e7","date":"2015-03-11T20:48:04+01:00","author":"Florian Kinder","summary":"Grammar: Remove duplicate q,qq,qw,qx entries","body":"Also disable qq,qx,qw highlighting if called like a method"},{"commit":"93a27d4e8002a39f9c1591829550f1c8d7298873","date":"2015-03-08T23:56:32+01:00","author":"Florian Kinder","summary":"Grammar: Add UNITCHECK, CHECK and INIT as meta functions","body":"http://perldoc.perl.org/perlmod.html#BEGIN%2c-UNITCHECK%2c-CHECK%2c-INIT-and-END"},{"commit":"f82f41ab7964e1f5b89ebbc3a66650d069d03312","date":"2015-03-08T23:37:36+01:00","author":"Florian Kinder","summary":"Grammar: Add constants __SUB__, __DATA__ and __END__","body":"http://perldoc.perl.org/perldata.html#Scalar-value-constructors -&gt;\nSpecial Literals"},{"commit":"95e420602a719cbfe378621e051d7965a97b7c71","date":"2015-03-08T18:02:32+01:00","author":"Florian Kinder","summary":"Grammar: Replace \\w to allow _ in regex replace","body":"This allows using `_` as a delimiter as such:\n\n```perl\n$asd =~ s_a_v_g;\n```"},{"commit":"41e8542f45854ec99258770e10d7ab592d358b1a","date":"2015-03-05T09:11:49-08:00","author":"Kevin Sawicki","summary":"Grammar: Add remaining missing `pc` RegEx modifiers"},{"commit":"fea31ee36eab86d8903eac51a049d7c5d369aafa","date":"2015-03-05T13:50:30+01:00","author":"Florian Kinder","summary":"Grammar: Add missing RegEx modifiers","body":"Add /p preserve the string matched such that ${^PREMATCH}, ${^MATCH}, and ${^POSTMATCH} are available for use after matching.\nAdd /c keep the current position during repeated matching"},{"commit":"9f0f21cacc0fb03e3305da05a2fca2ca01fb8170","date":"2015-02-26T22:24:04+09:00","author":"Tomohiro Nishimura","summary":"Grammar: Add psgi extention"},{"commit":"a9d3f652afb12c2fbdfd5b182c7c1ae4f252d6d5","date":"2015-03-04T20:44:39+01:00","author":"Paul Chaignon","summary":"Grammar: Add x as a possible regular expression modifier"},{"commit":"e8a501b8a05d20b3c26ad91e111d83e686a9b0c0","date":"2015-03-16T00:24:12-05:00","author":"Michael Sheets","summary":"Do not allow `q` strings to follow `-&gt;`","body":"Fixes #14."},{"commit":"907eff8769f88e146609d60f9185de2b605e8968","date":"2015-03-10T20:51:36-05:00","author":"Michael Sheets","summary":"Grammar: Add missing scope suffixes"},{"commit":"604d38cd9b2ae25a807afec5dd5dd3bfa385c700","date":"2015-03-10T20:40:08-05:00","author":"Michael Sheets","summary":"Grammar: Remove .pl extension from fileTypes","body":"Including the same extension in two grammars in the same bundle leads to an ambiguity in which takes precedence, so we leave them in the main grammar since it&#39;s more common. User preference will take precedence over these."},{"commit":"903935840d0858395d4ab6ab71d35285ec9b7700","date":"2015-03-10T20:37:26-05:00","author":"Michael Sheets","summary":"Grammar: Change root scope to &#39;source.perl.6&#39;","body":"This allows perl bundle items to work in this new language, inapplicable items can be excluded by scope. Change the scope suffix to match as well without the .6 suffix."},{"commit":"5afbe04e5b090ddb6ff44c62630fbd39ec04114e","date":"2015-03-10T20:33:52-05:00","author":"Michael Sheets","summary":"Improve comment.line rule","body":"This improves the scope of the caret when at the end of a comment line and adds a scope to the leading whitespace."},{"commit":"762360807ed125ed5cb81677b1efbc7ba4340590","date":"2015-02-28T23:17:53-08:00","author":"John Harrison","summary":"Improving heredoc quotes"},{"commit":"2d53e118ea2bc872c25c0422c4946a302f3794fd","date":"2015-02-28T23:02:39-08:00","author":"John Harrison","summary":"Improving the quality of the quote and adverb system"},{"commit":"42a9875c29dcced69513ae428eff2083eaa7ea19","date":"2015-02-28T22:31:11-08:00","author":"John Harrison","summary":"Adding a number of different quote types","body":"For example:\n\nq{abc}\nqq{abc}\nq(example)\nqq(example)"},{"commit":"35b8e33096403af7c92d25e27bc2bff5057958be","date":"2015-02-28T21:23:07-08:00","author":"John Harrison","summary":"Removing the section about ATTN, FIXME, etc. because the backtracking was causing problems in the atom version of the syntax"},{"commit":"a426bf0525a89668a7163ccadd1972287a37653f","date":"2015-02-25T00:02:30-08:00","author":"John Harrison","summary":"Improved support for built-in functions, variables and subs","body":"Added a list of known built-in functions based off the list of supported\nfunctions specified in vim-perl perl6.vim s:builtins.\n\nAlso added a basic set of variable matches. It has some known issues,\nfor instance it doesn&#39;t match all known twigils or adverbs and has\ntrouble understanding unicode and &lt;&lt; and « in variable names."},{"commit":"9c05574cd7352ecca78467deb8ecf17e57d595de","date":"2015-02-24T22:45:54-08:00","author":"John Harrison","summary":"Following the standard TextMate naming conventions for syntaxes"},{"commit":"eb380797e5fbbdb6394d13d651549da164a90993","date":"2015-02-22T23:29:33-08:00","author":"John Harrison","summary":"Add Perl 6 grammar","body":"Some basic support for a subset of p6 keywords. Based off the vim-perl perl6.vim definitions of perl 6 keywords.\n\nStill needs support for literals, variables, etc."},{"commit":"3396190be167310600d00da6ff9af7807cea4b12","date":"2014-12-20T13:19:17+01:00","author":"René Schwaiger","summary":"Use filename instead of path in “Validate Syntax”","body":"This makes reading error messages easier. Before this change long\nabsolute file paths took some attention away from the important parts\nof the error messages (line number, actual error)."},{"commit":"fdf9a4f77d58e6162b4a80473f0f92560cd48592","date":"2014-12-20T12:57:47+01:00","author":"René Schwaiger","summary":"Improve otuput of “Validate Syntax”","body":"The command now uses the selected web theme. Before this change it just\nprinted the error messages on a blank HTML page."}],"name":"Perl"}