{"commits":[{"commit":"59bfc50221b2dcdbdb8a98117f44e66e1c35ffcf","date":"2015-04-27T00:51:30-05:00","author":"Michael Sheets","summary":"Reduce noise in symbol list","body":"Reduce the amount of clutter in the symbol list by removing block closures and import rules."},{"commit":"13a4329c83edeb90a537473fc4b041c1edec6164","date":"2015-04-27T00:49:30-05:00","author":"Michael Sheets","summary":"Grammar: Improve import rule","body":"Now better scopes the various portions of the import rule and gives more exact scopes."},{"commit":"6161fecb3c0a0f108d86294fbbccc954e6e835cc","date":"2015-04-25T15:07:32-05:00","author":"Michael Sheets","summary":"Grammar: Add match for &quot; escaping inside double quoted strings"},{"commit":"311ecd9bbbd39d3ddebb36a29183411db25490d8","date":"2015-04-25T15:02:36-05:00","author":"Michael Sheets","summary":"Grammar: Add match for character literals","body":"Fixes #3."},{"commit":"24db99a45661c26abf0e1cb3bf00f2fa29b58829","date":"2013-08-11T17:48:51-05:00","author":"Michael Sheets","summary":"Correct typo in build command","body":"Also add a new default path for gnatmake."}],"name":"Ada"}