{"commits":[{"commit":"44691a07734715b11a130a4af409508f53f83aa1","date":"2015-05-15T11:10:35+02:00","author":"Hans-Jörg Bibiko","summary":"fixed Help for 3.2.0"},{"commit":"61a070845a371ff297fc708c5c587911d444facf","date":"2015-05-14T17:46:07+02:00","author":"Hans-Jörg Bibiko","summary":"updated Help"},{"commit":"76f67ccf996345c3b650e3cb21c0d3f5c3920bcc","date":"2015-05-14T17:44:50+02:00","author":"Hans-Jörg Bibiko","summary":"fixed issue for inserting missing library"},{"commit":"e9a9af0eb14e168e8a59fa9f626788a9a69dd4d4","date":"2015-05-14T16:53:05+02:00","author":"Hans-Jörg Bibiko","summary":"fixed issue for version 3.2 (work in progress)"},{"commit":"3449119ff76c95495bb041e57e68d1d1fdf3c5c7","date":"2015-05-14T16:51:59+02:00","author":"Hans-Jörg Bibiko","summary":"fixed issue for version 3.2 (work in progress)"},{"commit":"bb8f72cf250cbf00302c889a303c66279d455e34","date":"2015-05-14T16:49:23+02:00","author":"Hans-Jörg Bibiko","summary":"fixed &quot;else&quot; indentation"},{"commit":"4745907fa532c2a1bd1a96a7e506f93fbb74ecc4","date":"2014-02-24T00:56:53-06:00","author":"Michael Sheets","summary":"Use `mate` rather than txmt url scheme","body":"This prevents the incorrect version of TextMate being launched when running the command."},{"commit":"9cc6b410cac8977f508d1d1138594f46465436c3","date":"2013-12-08T15:13:34-05:00","author":"statuser","summary":"Return to current line with a selection (R.app &amp; Step)","body":"Previously only handled the case where caret was on line. Now handles the case where a selection is submitted. Both standard selections and block (option) selections. Fixes #5."}],"name":"R"}