{"commits":[{"commit":"0593bb775eab1824af97ef2172fd38822abd97d7","date":"2017-01-09T14:28:06+11:00","author":"Yuki Izumi","summary":"Correct punctuation.definition.inserted.diff","body":"It was added to all three of markup.{inserted,changed,deleted}.diff,\nwhich can cause unexpected highlighting if separate rules for the\npunctuation.definition are added."},{"commit":"372abaaeb12620db3f9d5d984c4ee8c3c6224117","date":"2016-08-30T23:07:35-05:00","author":"Michael Sheets","summary":"Import in merge conflict commands","body":"Originally part of the Subversion these have been re-scoped to function on any file. The scope will allow these commands to work on any file but be overridden by any other item with the same shortcut. However on currently SCM conflicted files the commands will take precedence."},{"commit":"ceee23283973fb7a7049e99686c3dd55e0ca3987","date":"2016-08-30T22:38:01-05:00","author":"Michael Sheets","summary":"Cleanup info.plist"}],"name":"Diff"}