{"commits":[{"commit":"55a7054c7842ef4a7ada566c611ff0a9d23d0ab4","date":"2017-01-25T00:09:40-06:00","author":"Michael Sheets","summary":"Limit CSS prefix to embedded cases"},{"commit":"d5ae1ed03ff927b365c1f1b68b219fdd8c3d4a1b","date":"2017-01-18T00:45:50-06:00","author":"Michael Sheets","summary":"Fix matching for prefixed property names"},{"commit":"13166c4216dc94087ccd8e96e331fef46196c152","date":"2016-10-06T17:22:44+11:00","author":"Luke Wong","summary":"Add support for CSS3 Transform syntax","body":"Fixes #19"},{"commit":"861606694c9881b3520ce93c10d55b05e07e2a10","date":"2017-01-02T15:28:38+01:00","author":"Ross Barnes","summary":"Add new property names, values to language grammar","body":"Added new matches for recently-standardized property names, functions, and values."},{"commit":"d79e9c013769386a765198f7fb0f9dce39da829b","date":"2016-08-06T15:21:11-05:00","author":"Michael Sheets","summary":"Add main element from HTML5"},{"commit":"94f7111c2953ac7b4cc42d313d9ad9b8701b8468","date":"2015-07-03T01:45:51-05:00","author":"Michael Sheets","summary":"Perform macro on selection if present","body":"This was mistakenly removed in 3403a39f1dad0bdf87168e11e3e8ba190b04ec75."},{"commit":"cdddd5b0fdfa1490a6fd61e918d0f5cc9a2603de","date":"2015-06-28T10:06:26+02:00","author":"Allan Odgaard","summary":"Add missing replace string to Format Compressed macro","body":"This has been made necessary by textmate/textmate@ec37b09faf4cd88f1908e6701e1c7cd437c33f32"},{"commit":"2ce91736ca17bbf72ca13ef82ff23c90cc01bf8f","date":"2015-03-18T14:29:22+01:00","author":"Adam Strzelecki","summary":"Color Picker: Lowercase output on lowercase input","body":"If user uses lowercase CSS color notation, i.e. #fff then probably wants\nlowercase output as well. Try to detect that."},{"commit":"4a0ec8066910dd20334a3430e5c23ab8294e698e","date":"2015-03-18T14:27:17+01:00","author":"Adam Strzelecki","summary":"Color Picker: Allow lowercase hex","body":"Previously #fff or #fafafa were not detected as valid CSS color entries."},{"commit":"5ba43d76d602b07467dfe36cd666c2a0f148ba1f","date":"2015-03-06T23:14:29+00:00","author":"Martin Bean","summary":"Completions: Add font/text related properties/values"}],"name":"CSS"}