{"commits":[{"commit":"563b6f629bcf2c77d239b03fa768f869a4cba368","date":"2016-01-28T23:59:24-08:00","author":"Clay Loveless","summary":"add comma as TM_LINE_TERMINATOR"},{"commit":"0762cbdcb34dd98801b6323e75332cd4c9dbc07e","date":"2015-12-08T14:22:37-05:00","author":"Ted","summary":"Add Minify Document command","body":"After months of using other tools to minify my JSON, I figured the JSON TM bundle should be able to do this. Sharing with all now."},{"commit":"06b38d55326363b63c26943c6e0213988180dbca","date":"2015-12-02T01:27:40-06:00","author":"Michael Sheets","summary":"Use current indent type for Reformat Document"},{"commit":"9745b438c50167ae6dfe39881c0bf5f613e6f77e","date":"2015-11-02T12:54:11+09:00","author":"milligramme","summary":"Support unicode in Reformat Document","body":"This switches the command to using ruby, due to the JSON library only being available in ruby 2.0+ this requires 10.9 or higher."}],"name":"JSON"}