{"commits":[{"commit":"01069d2b38514f5d5d1519737f4be937566e195e","date":"2016-09-20T15:33:02+02:00","author":"Allan Odgaard","summary":"Add warning/error marks in the gutter"},{"commit":"1a1827da81e20fdce56e2658451340c070ca44b7","date":"2015-12-03T07:18:11+01:00","author":"Paul Chaignon","summary":"Fix origin and flavor tokenization","body":"Fix #9"},{"commit":"e0d96dc1d6ec8ef9ee421da9963d231256a2f22d","date":"2015-11-28T17:30:14-08:00","author":"Nicholas Mulvenna","summary":"Add function file"},{"commit":"517f9ad25ff757267d5c2aa39477fcfdff5968a9","date":"2015-11-28T17:24:03-08:00","author":"Nicholas Mulvenna","summary":"Add functions addsuffix and guile"}],"name":"Make"}