{"commits":[{"commit":"d87d22a3206fbdfba0ec3a5d033806748277d2f1","date":"2016-10-03T22:47:27+02:00","author":"Allan Odgaard","summary":"Make the HTML preview update on document changes"},{"commit":"9f812c89f4990a98391701caa77824c94860538f","date":"2016-08-29T10:05:07-07:00","author":"Kevin Wojniak","summary":"Fix hex entities with uppercase X not recognized","body":"TextMate recognizes `&amp;#x000BE;` but not `&amp;#X000BE;`"},{"commit":"d2b6d35b61a7b77555dc012ec77c677daedc86c2","date":"2015-08-19T09:14:04-03:00","author":"dipnlik","summary":"Edit contents of tag created via <kbd class='keyEquivalent'>⌃W</kbd>","body":"It&#39;s now possible to: press <kbd class='keyEquivalent'>⌃W</kbd>, type the tag name and attributes, <kbd class='keyEquivalent'>⇥</kbd>, type it&#39;s contents, then <kbd class='keyEquivalent'>⇥</kbd> again to exit the tag.  Previously, it wasn&#39;t easy to reach the tag contents.\r\n\r\nThe existing functionality of having selected text then pressing <kbd class='keyEquivalent'>⌃W</kbd> to enclose it between tags remains."},{"commit":"2e9e024a1b20c8bf8e68ba241359b4bbdb1045e1","date":"2016-05-18T20:49:37-05:00","author":"Michael Sheets","summary":"Add support for Firefox Developer to Refresh Running Browsers"},{"commit":"9888e093be69dfe90d5242fe77384386528edd8f","date":"2016-05-17T23:55:43-05:00","author":"Michael Sheets","summary":"Change script to support Safari from 10.11.5 update","body":"Safari now requires toggling an option to allow javascript to be run through Apple events, we now get the url of the current tab and set it as the url to reload avoiding needing to toggle this option. Fixes #41."},{"commit":"7710c79b161314fe937b05b13b1101e78f5dc62e","date":"2016-02-11T05:54:23-06:00","author":"Michael Sheets","summary":"Refresh Running Browsers no longer requires each to be installed","body":"When converting this to a standalone script it inadvertently also asked for the location of each browser, with a few tricks this no longer happens."},{"commit":"58640721ca0ea5210786086940f789c299366791","date":"2016-01-08T05:37:41-06:00","author":"Michael Sheets","summary":"Correct indentation rules for &lt;wbr&gt; tag","body":"This tag is always stand alone (no closing tag)."},{"commit":"36b90bc113cdd59dcaeb0885103f9b6a773939e1","date":"2015-12-18T22:48:55-06:00","author":"Michael Sheets","summary":"Remove conditional from Preview in All Active Browsers","body":"This is no longer needed as support was cut for 10.4 and under long ago."},{"commit":"d2778418dfb1f55506a4aea04178aeec3b8b3099","date":"2015-12-18T22:38:54-06:00","author":"Michael Sheets","summary":"Switch to pure AppleScript for Refresh Running Browser(s)","body":"This simplifies the script as Safari has ballooned into many separate processes some which are left open without Safari. Removes support for Internet Explorer because… yeah… also removes support for OmniWeb as will not currently run under El Capitan. Adds support for WebKit nightly releases.\n\nNote: Due to AppleScript features used this now requires 10.5+"},{"commit":"a0bc0c479bde0d46bfec863f3262c06e768eec2d","date":"2015-11-13T21:52:52-06:00","author":"Michael Sheets","summary":"Disable tag snippets inside PHP and other embedded code"},{"commit":"181a15de244eb30f3d4df645dc1de38a7a420279","date":"2015-07-14T11:59:27+02:00","author":"Kai Wood","summary":"Change regex to match HTML tags better","body":"Since 04a714a465f7deba2c0618a0024adc843c93e805 one can use Select Enclosing Typing Pairs for HTML tags. This fails short if custom HTML tags are in between, like Angular directives (which contain dashes, &quot;-&quot;) or some of the tags Facebook uses for its integration stuff (which contain double colons, &quot;:&quot;).\r\n\r\nWith this change, one can select the typing pairs properly."},{"commit":"e87e8de6486a509bf304bba264a9fd2370f4ca64","date":"2015-05-09T00:35:01-05:00","author":"Michael Sheets","summary":"Move PHP specific folding settings to PHP bundle"},{"commit":"c542f79e9f71d3561734f26ce81f15692d62daf6","date":"2014-12-04T12:49:47+01:00","author":"David Gasperoni","summary":"Remove title and charset on link tags","body":"Same result of https://github.com/textmate/html.tmbundle/pull/36, but for drag-and-dropped stylesheets"},{"commit":"d1231e3da1c22d3a5310223881b89c311aec9f04","date":"2015-03-30T02:21:26-05:00","author":"Michael Sheets","summary":"Grammar: Allow for unquoted id attribute values"}],"name":"HTML"}