{"commits":[{"commit":"9aa365882274ca52f01722f3dbb169b9539a20ee","date":"2016-12-04T22:43:49+07:00","author":"Allan Odgaard","summary":"Update platform symbols using the macOS 10.12 SDK"},{"commit":"90362c89e15b6320d726466b0922f2e810f4c223","date":"2016-09-05T13:36:15+10:00","author":"Yuki Izumi","summary":"Drop &quot;invalid.illegal.placeholder.c&quot; definition","body":"It&#39;s often misleading (I have plenty of lone %s in strings), and only the\ncompiler knows when it&#39;s right to complain about an actual format\nstring with a bad placeholder."},{"commit":"936e4347d22d1a821588551ca8f7e960c1242120","date":"2016-10-18T10:44:47+02:00","author":"Allan Odgaard","summary":"Add word boundary assertions around storage modifier keywords"},{"commit":"88cc9b71faf9f1406c5a6a5b08741e6242c15e06","date":"2016-09-06T22:44:18+02:00","author":"Allan Odgaard","summary":"Add CoreGraphics (back?) to platform symbols"},{"commit":"97bb2d6ae808494f08cd2b3c826321ca8b1eafa6","date":"2016-09-06T17:53:52+02:00","author":"Allan Odgaard","summary":"Move functions to the repository","body":"This is expected by the other grammars."},{"commit":"8c94d317da116432eb16c60f01d225320b39618f","date":"2016-09-06T15:05:01+02:00","author":"Allan Odgaard","summary":"Update symbols using MacOSX10.11.sdk","body":"We now include `Platform.md` so that it’s easier to see what changed since last generation (mainly to ensure we are not missing symbols or similar)."},{"commit":"fa4b7e211463973328b5334d55d0b10dafa27122","date":"2016-08-04T10:14:02-05:00","author":"Michael Sheets","summary":"C++ grammar: Limit raw string delimiter to 16 chars"},{"commit":"022ffeb698bcb30ae89c459a4f11487ea4f5ecb8","date":"2016-07-29T02:39:17-05:00","author":"Michael Sheets","summary":"C++ grammar: Add raw string literals (From C++ 11)","body":"Fixes #22, fixes #30."},{"commit":"d26c35164a4d496fd2c0b4ea0c1aeed64d704702","date":"2016-04-01T21:40:00-04:00","author":"James Ko","summary":"Add `noexcept` to the list of storage modifiers"},{"commit":"5b5d366309e8a549ce6fff5bcd9aa57ffb6dae77","date":"2014-12-18T18:53:36+00:00","author":"Alexander Regueiro","summary":"Fixed typo preventing TM_CLANG_FORMAT_STYLE var from being read"},{"commit":"f1424d49dd879f6c5a67d3afe6c48a17f538345a","date":"2015-12-31T13:18:33+01:00","author":"Allan Odgaard","summary":"Fix exception when using header completion for untitled documents","body":"This only affected user headers since here we search current folder but was checking that current folder wasn’t nil rather than the empty string."},{"commit":"f6048afe693e50adf47d46aba791f95c9138823e","date":"2015-02-05T23:43:23+07:00","author":"Allan Odgaard","summary":"Add syntax highlight for CoreGraphics types","body":"This includes the fairly ubiquitous CGFloat."},{"commit":"f8254252620b24c50d23ec804344915d498ecd7f","date":"2014-12-16T16:51:53+01:00","author":"Vicent Marti","summary":"grammar: Use explicit count modifiers","body":"The `{,N}` extension is not supported by most Regexp engines, as it is\nan Onigurma-only extension."},{"commit":"bed90149078aeeec0b147eed1267770d8ae49060","date":"2014-12-18T02:08:05-06:00","author":"Michael Sheets","summary":"Don&#39;t require whitespace after include directive","body":"Whitespace is not required to be present for compilation, fixes #23."}],"name":"C"}