{"commits":[{"commit":"8158940052861bcf90c28f343dff2c50ab440b3f","date":"2015-04-11T06:29:21+02:00","author":"Eyyub","summary":"Add asr and lnot operators"},{"commit":"fac9c384979b5c86098fb869ad0f50f938be34a8","date":"2015-04-15T23:38:34-05:00","author":"Michael Sheets","summary":"Support proper nested block comments","body":"Before we erroneously included a rule to match `&quot;…&quot;` include a block comment context. Fixes #6."},{"commit":"903fc455163c90d38db77c47ca636392550967f0","date":"2014-11-13T16:52:01-05:00","author":"Adam Roben","summary":"Add a README","body":"This is the same README used by other bundles under the textmate organization."},{"commit":"be9b450699a38d1734dc2a698780e177b3acde8e","date":"2014-10-11T02:34:11-04:00","author":"Ryan Goulden","summary":"support `let open MyModule` syntax","body":"synatx highlighting breaks on such statements without this change"},{"commit":"1eff26848b39368414cb4214183a2cba22f12d0e","date":"2013-09-04T17:18:52-05:00","author":"Michael Sheets","summary":"Add punctuation scopes to comment.block.ocaml","body":"This allows us to remove the empty comment special case and use left/right scopes determine empty-ness."},{"commit":"011d837c0255f62f7d3e16e236b492cb0b6737df","date":"2013-09-04T03:07:28-05:00","author":"Michael Sheets","summary":"Convert &#39;Insert Spaces in Comment&#39; macro into snippet","body":"Fixes #1"}],"name":"OCaml"}