{"commits":[{"commit":"e77e5afc5c6b9d9387a1cbcc536755cead93e937","date":"2014-10-07T21:28:02+02:00","author":"Allan Odgaard","summary":"Only do special formatting of radar links when we have 3 captures","body":"Closes #9."},{"commit":"eac471de3bef1b590971bbc6914e4fb1fbb883f4","date":"2013-08-08T13:08:49+02:00","author":"Allan Odgaard","summary":"Inline the Show TODO (<kbd class='keyEquivalent'>⌃⇧T</kbd>) command","body":"It started to hang after updating the ruby shebang. I didn’t look into why, but inlining the script, rather than go via bash, fixed the problem for me."},{"commit":"bbf5bdfa6144f4fd977e0cb791665b1b1c762bb1","date":"2013-03-10T23:31:37+01:00","author":"Allan Odgaard","summary":"Pressing <kbd class='keyEquivalent'>⌅</kbd> to open a rdar URL also works when caret is at the end","body":"This matches the change done in the Hyperlink-Helper bundle."}],"name":"TODO"}