{"commits":[{"commit":"413a1747c0c9c892f3801aa502649f88aad59305","date":"2014-08-19T17:28:30-05:00","author":"Michael Sheets","summary":"Add description and contact info"},{"commit":"85d8f7c97ae473ccb9473f6c8d27e4ec957f4be1","date":"2012-10-05T16:51:48-05:00","author":"Michael Sheets","summary":"Allow tag closure to end import rules, fixes #7."},{"commit":"40f8cb6feaa45d824660fbd974814223f20d3671","date":"2012-10-05T05:09:36-05:00","author":"Michael Sheets","summary":"Don&#39;t count tag closings when looking ahead for regex.","body":"Fixes textmate/groovy-grails.tmbundle#5"}],"name":"Groovy"}