{"commits":[{"commit":"a1fff641a57965eeae57dc0387343745dec336f9","date":"2016-10-26T19:14:27+02:00","author":"René Schwaiger","summary":"Code Blocks: Add support for VHDL"},{"commit":"8b545ba4a6c175a83e4bc9d5fe3fbbc477aa433e","date":"2016-10-26T19:10:32+02:00","author":"René Schwaiger","summary":"Code Blocks: Add support for Tcl"},{"commit":"37f69c504fc4504d9dabb8e7bb92f13ef75d9ded","date":"2016-10-26T19:03:04+02:00","author":"René Schwaiger","summary":"Code Blocks: Add support for SQL"},{"commit":"6cd682cd79d761100b33fe8cfe898eb727bd834d","date":"2016-10-26T18:45:08+02:00","author":"René Schwaiger","summary":"Code Blocks: Add support for R"},{"commit":"32cc396be5f8ddfa231eda43e30252819324840a","date":"2016-10-26T18:41:19+02:00","author":"René Schwaiger","summary":"Code Blocks: Add support for Prolog"},{"commit":"389cbe899eaa1dce14427981b3384725ad02d066","date":"2016-10-26T18:29:32+02:00","author":"René Schwaiger","summary":"Code Blocks: Add support for Perl"},{"commit":"372919c738226e1eae129fbf511f2355a715cc74","date":"2016-10-26T18:23:27+02:00","author":"René Schwaiger","summary":"Code Blocks: Add support for OCaml"},{"commit":"42660b9144fe6ec48da36d41e2e09d9ffe332e07","date":"2016-10-26T18:18:39+02:00","author":"René Schwaiger","summary":"Code Blocks: Add support for MATLAB and Octave"},{"commit":"ee5b34ea425964d3bf7d821f7f9858f912d9ec75","date":"2016-10-26T18:11:08+02:00","author":"René Schwaiger","summary":"Code Blocks: Add support for Markdown 🙈"},{"commit":"858ac473b9ab64810997d06ca13727bf15f31043","date":"2016-10-26T18:02:27+02:00","author":"René Schwaiger","summary":"Code Blocks: Add support for Makefiles"},{"commit":"4a03c0dbfb691492a57a51147e3b36bac57fcf45","date":"2016-10-26T17:56:24+02:00","author":"René Schwaiger","summary":"Code Blocks: Add support for Lua"},{"commit":"9f5980ab34eedd6c30b3ae9d65af98e5dc640371","date":"2016-10-26T17:51:49+02:00","author":"René Schwaiger","summary":"Code Blocks: Add support for JSON"},{"commit":"a292f25cd6b61994ab87b970eb2624428b37aa1a","date":"2016-10-26T17:46:04+02:00","author":"René Schwaiger","summary":"Code Blocks: Add support for Groovy"},{"commit":"9d287feb58d6a13589c72276a98bede06f505dd5","date":"2016-10-26T17:33:39+02:00","author":"René Schwaiger","summary":"Code Blocks: Add support for Graphviz"},{"commit":"2f62261e377500ed51b317bcf4d6ad6c834b8e40","date":"2016-10-26T17:26:56+02:00","author":"René Schwaiger","summary":"Code Blocks: Add support for Fish"},{"commit":"eb6c100a1a1c8af290a54bf47c1ce48daeaccfd5","date":"2016-10-26T17:22:51+02:00","author":"René Schwaiger","summary":"Code Blocks: Add support for CMake"},{"commit":"0bd4d749fb7cdab0f71b495645ee876303191d01","date":"2016-10-26T17:15:27+02:00","author":"René Schwaiger","summary":"Code Blocks: Add support for AppleScript"},{"commit":"27f5b8b15c226289f32ea972ae5ee9d614689c19","date":"2016-10-26T17:07:33+02:00","author":"René Schwaiger","summary":"Code Blocks: Add support for ANTLR"},{"commit":"3ff0025ed14b96eff9c1285ac94415e2d8d89d5b","date":"2016-10-26T16:55:09+02:00","author":"René Schwaiger","summary":"Code Blocks: Add support for Ada"},{"commit":"6ec97de43cf3c967a5c9d6de3ceefcc2efe84e2a","date":"2016-10-26T16:50:12+02:00","author":"René Schwaiger","summary":"Code Blocks: Add support for Haskell"},{"commit":"6b6fd86107aa376c0f49b3d2266ed36eeedaec68","date":"2016-10-26T15:47:43+02:00","author":"René Schwaiger","summary":"Support `py` as identifier for Python code blocks"},{"commit":"40ee0becccea918e72547e9a5979f7e166db67f0","date":"2016-10-26T15:39:45+02:00","author":"René Schwaiger","summary":"Insert Code Block: Add aliases for YAML code"},{"commit":"1c6562b95e5dfcc2664b3c12ec34b63c01f83621","date":"2016-10-26T15:38:02+02:00","author":"René Schwaiger","summary":"Insert Code Block: Use Markdown scope","body":"Before this change it was easily possible to insert code blocks in non\nMarkdown documents. For example: We could also add a Markdown code\nblock to a Ruby document, if we inserted a back-tick and then hit `<kbd class='keyEquivalent'>⇥</kbd>`."},{"commit":"62952c51b352c0404ef058e2d55f202e64e4ac5b","date":"2016-10-18T10:27:02+02:00","author":"René Schwaiger","summary":"Grammar: Add syntax highlighting support for YAML"},{"commit":"13f0a4b2827030c599221e76e4b0d9d811ee8e21","date":"2016-08-08T09:17:46+01:00","author":"Mike McQuaid","summary":"Add Travis CI.","body":"Do some basic Ruby and XML syntax validation."},{"commit":"99d5f198754a59e06bde3686f274cbc80f263ee5","date":"2016-08-06T17:30:03+02:00","author":"Stefan Daschek","summary":"Mention tab trigger for insert block snippet in readme."},{"commit":"4c38f6d1c4d432e52d400b758f97b3f2443d71f2","date":"2016-08-06T12:15:18+02:00","author":"Stefan Daschek","summary":"Add snippet for inserting a code block.","body":"Tab trigger: &lt;kbd&gt;`<kbd class='keyEquivalent'>⇥</kbd>&lt;/kbd&gt; (that is, a single backtick and then pressing the tab key). Note that typing a single backtick will insert two backticks (with the cursor in between), because the Markdown bundle defines an appropriate smart typing pair. This is why the snippet inserts only two backticks at the end of the code block: Together with the backtick already inserted by the smart typing pair this gives three backticks at the end.\n\nThe snippet shows a completion list for specifying the language of the code block. The list of supported languages was extracted from the bundle’s grammar. If at some point in the future more languages are added to the grammar, these languages should be added to the completion list as well."},{"commit":"4f0b28abd972f881a4083af74a2c94fbe792c545","date":"2016-08-03T19:28:09+02:00","author":"Stefan Daschek","summary":"Fix quoting when setting TM_MARKDOWN.","body":"See https://github.com/MikeMcQuaid/GitHub-Markdown.tmbundle/pull/10#issuecomment-237240547"},{"commit":"06a9ef5a9ea2250527862815df561b0ac993cd84","date":"2016-07-17T01:44:36+02:00","author":"Stefan Daschek","summary":"Set TM_MARKDOWN instead of duplicating preview command.","body":"As discussed by @sorbits in http://lists.macromates.com/textmate/2016-July/039722.html this achieves the same result with less code. And it will also allow to use TM_MARKDOWN_FILTER for things like stripping front matter in the future."},{"commit":"e9b7fe236db269ee2c20c7acf1810f5e2b925160","date":"2016-05-27T12:14:02+01:00","author":"Mike McQuaid","summary":"README: note default TextMate 2 installation."},{"commit":"6922554c6b26b4bacbed37e05a6d9f241431483b","date":"2016-05-22T10:13:04+01:00","author":"Mike McQuaid","summary":"Shorten description."},{"commit":"4f66eb3043cbf63c453c7a5202f4d40cea5ec888","date":"2016-05-17T09:59:56+01:00","author":"Mike McQuaid","summary":"Migrate more font preferences to font bundle."},{"commit":"e571499acaf9fc4690b862159694a27fd309e2eb","date":"2016-05-16T02:27:11-05:00","author":"Michael Sheets","summary":"Change language specifier scope to storage.type.language","body":"This scope is not currently used in the markdown grammar so it can stand out more."},{"commit":"25294ce836982086ae693504de85178aa87d836d","date":"2016-05-16T02:20:23-05:00","author":"Michael Sheets","summary":"Remove theming settings items","body":"We generally do not want theming items as part of installed bundles to reduce unexpected behaviors."},{"commit":"d4d1a15da81ca45c3cc3895efe6d8f2f5a679cc9","date":"2016-05-16T02:18:12-05:00","author":"Michael Sheets","summary":"Rename grammar to better fit role"},{"commit":"33ef6ff5929e53b534f826e3eac97aa0b15a962e","date":"2016-05-14T00:32:43-05:00","author":"Michael Sheets","summary":"Rewrite table rule","body":"Better matches the cell contents allowing for inline rules, matches headers separately."},{"commit":"0040799761c14e4d1e2e72f84cea05f248514f79","date":"2016-05-13T23:44:42-05:00","author":"Michael Sheets","summary":"Increase specificity of injection scope","body":"This prevents items from being injected inside other rules except the paragraph block."},{"commit":"e4b2265bf3a6445948cefde651a556802553f217","date":"2016-05-08T22:38:25-05:00","author":"Michael Sheets","summary":"Remove fileTypes and keyEquivalent","body":"Since we never want these to be directly used."},{"commit":"3ee8a6e6926997358be9b4ade36906da67dd2d7c","date":"2016-05-08T22:27:00-05:00","author":"Michael Sheets","summary":"Add contentName to meta.embedded blocks","body":"This provides the proper scope to allow various bundle items to function."},{"commit":"826328d5ee4316047f9c90d661032c25fa39e874","date":"2016-05-08T22:16:11-05:00","author":"Michael Sheets","summary":"Remove &#39;markdown.github&#39; prefix to embedded type","body":"The type of code being embedded is the more important information here we want to bring it to the forefront. What it is embedded in can be deduced from the parent scope."},{"commit":"06e84078a3cd572d343de10eb1e10403a8e7c3e3","date":"2016-05-08T22:12:45-05:00","author":"Michael Sheets","summary":"Add scope to raw ending punctuation"},{"commit":"f73e0414d8ea920b6dfc4005bbb18dfba64f609f","date":"2016-05-05T00:53:37-05:00","author":"Michael Sheets","summary":"Remove unused captures","body":"Zero-width assertions are not given scopes so these were not used. Also add comment to explain the use of this rule."},{"commit":"620fbd4d33380ded3b0d042e8ba0d81b5ac40ff7","date":"2016-05-05T00:50:22-05:00","author":"Michael Sheets","summary":"Limit intra-word underscore match to italic rules","body":"Before this could match in raw contexts where not desired."},{"commit":"f6e6bc23540a11b06aa4e6578168f5ea920bce42","date":"2016-04-19T11:11:43+02:00","author":"René Schwaiger","summary":"Add syntax highlighting support for BibTeX"},{"commit":"8ed0433978fd78b4cceebbea10c2dbc0b07e9561","date":"2016-04-19T11:11:23+02:00","author":"René Schwaiger","summary":"Add syntax highlighting support for LaTeX"},{"commit":"6cb109954a390adff38153186b510cf7f21019df","date":"2016-03-15T18:55:12+00:00","author":"Mike McQuaid","summary":"Support dashes in language name."},{"commit":"ce06131aa839ee3586131a35c9e5c651414266b8","date":"2016-03-09T23:22:35-05:00","author":"Orta","summary":"Adds support for the swift programming language"},{"commit":"b6a43073a1ea4896a0d141163adb03987aef54c1","date":"2016-02-12T14:01:05+00:00","author":"Mike McQuaid","summary":"README: fix link."},{"commit":"980447d6f03dfdf4a535f0d6e50faeba9eb5dd4c","date":"2016-02-12T13:58:30+00:00","author":"Mike McQuaid","summary":"Split font changes into another bundle."},{"commit":"5dc814de48150304bc76c2450c58224a8a4654a1","date":"2016-02-10T23:03:42+00:00","author":"Mike McQuaid","summary":"Use Go syntax highlighting for Go blocks."},{"commit":"eb2ff4d2a52173a81bb28dfe11827af221ab3ab6","date":"2016-02-07T20:25:48+00:00","author":"Mike McQuaid","summary":"Add Go syntax highlighting.","body":"Closes #4."},{"commit":"c1e66f90a4b320cd4d3eb4d1bb63084043788a4b","date":"2016-02-01T09:55:26+00:00","author":"Mike McQuaid","summary":"Remove raw background colour.","body":"Should be provided by themes instead.\n\nCloses #2."},{"commit":"095b9f82746d8f4ce3b7015ae64c9758c8359259","date":"2016-02-01T09:55:03+00:00","author":"Mike McQuaid","summary":"Fix whitespace interfering with block matching.","body":"Closes #1."},{"commit":"2129b07c7d9d48727a24c4615d5029f9019b5eb2","date":"2016-01-31T21:33:44+00:00","author":"Mike McQuaid","summary":"README: note checkboxes are supported."},{"commit":"a10e7e0dad66bf5695a5960e667219fc92cd1667","date":"2016-01-31T21:30:15+00:00","author":"Mike McQuaid","summary":"README: update with current status."},{"commit":"12f53a8c9227f645f0e92d01e69689b3b4ed6115","date":"2016-01-31T21:27:10+00:00","author":"Mike McQuaid","summary":"Add support for GitHub-style underlining."},{"commit":"838688c2a53dd376436282609d926fd1e374f8e3","date":"2016-01-31T21:21:22+00:00","author":"Mike McQuaid","summary":"Rename syntax file."},{"commit":"648b167ff1d86b6df30d78c16eb6ef3e9ec6c7b8","date":"2016-01-31T21:20:23+00:00","author":"Mike McQuaid","summary":"redcarpet.rb: render checkboxes."},{"commit":"64fa46de0458e91150c00ae67ce5788e6c24b0ac","date":"2016-01-11T13:31:34+00:00","author":"Mike McQuaid","summary":"README: note more highlights were added."},{"commit":"6e1ffe5bb157eb83817195ff6ab61ed1ee267d70","date":"2016-01-11T09:30:03+00:00","author":"Mike McQuaid","summary":"Preview: override Markdown default preview."},{"commit":"bddc6b7674ae38a24b7d67e8154eb78171ffd8fc","date":"2016-01-11T09:29:48+00:00","author":"Mike McQuaid","summary":"Highlight GitHub&#39;s top 10 languages (and Bash)"},{"commit":"e3b79a54c435df1d1348801307ad8641a3fb3db5","date":"2016-01-08T08:33:06+00:00","author":"Mike McQuaid","summary":"Improve syntax highlighting edge case."},{"commit":"bd4e091e315b77b668e64515175a82703368022c","date":"2016-01-07T19:47:07+00:00","author":"Mike McQuaid","summary":"Fix indentation."},{"commit":"a22cc8d3887166ef7fde0e3eaecf6499cca38c2b","date":"2016-01-07T19:45:14+00:00","author":"Mike McQuaid","summary":"Fixed-width raw background."},{"commit":"d3b3e58ec5640bc9707c892b83356808330c7c6d","date":"2015-12-26T17:45:07+00:00","author":"Mike McQuaid","summary":"Initial commit"}],"name":"Markdown (GitHub)"}