{"commits":[{"commit":"2cdc1f841443e4bc8b94f42f5e86431b31e04387","date":"2015-12-06T02:49:01-06:00","author":"Michael Sheets","summary":"Improve symbol list display","body":"* Add a new item and scope to list classes and any inheritance information.\n* Let the default symbol list preference handle generic function definitions.\n* Indent any functions contained within a class."},{"commit":"05d05e4ecf9efcff261f687a376411dd205591d1","date":"2015-12-06T02:30:01-06:00","author":"Michael Sheets","summary":"Add class examples"},{"commit":"d24802ee9c972711d1cd324da2705bdf8b6816b5","date":"2015-12-06T02:25:07-06:00","author":"Michael Sheets","summary":"Scope interpolated strings as strings rather than keywords"},{"commit":"eb703e1c4010fd86afeed51b3c5264d5947b3eb8","date":"2015-12-06T02:20:22-06:00","author":"Michael Sheets","summary":"Do not scope the whitespace surrounding an operator"},{"commit":"3b9938eefa1b224bf5bdeb78280cb10a515f8548","date":"2015-12-06T02:12:33-06:00","author":"Michael Sheets","summary":"Use keyword.control.end.* as the scope for all end keywords"},{"commit":"4eefa4031c663fbbca93f78022e44c66ed204d55","date":"2015-12-06T02:09:36-06:00","author":"Michael Sheets","summary":"Cleanup various support/keyword scopes"},{"commit":"11e4df51c97411410611446d8e6495b1d5295a56","date":"2015-12-05T20:28:16-06:00","author":"Michael Sheets","summary":"Match while as blocks"},{"commit":"cb535c39013dbe5e93da505a3b4530716f41dc0b","date":"2015-12-05T19:57:45-06:00","author":"Michael Sheets","summary":"Match try/catch as a block"},{"commit":"ac34125a7e0e7f1d433667b389c33cbf056dd9a6","date":"2015-12-05T19:51:07-06:00","author":"Michael Sheets","summary":"Match switch as a block including case and otherwise"},{"commit":"96e3f62a642cb72def10f3f92bcff252b6581a2e","date":"2015-12-05T18:46:31-06:00","author":"Michael Sheets","summary":"Match if as a block including elseif and else"},{"commit":"c2faead174fdca64e7fb0bbe7a36146bdce2736d","date":"2015-12-05T18:38:50-06:00","author":"Michael Sheets","summary":"Match for and parfor as blocks"},{"commit":"950ff756de2fb26720cf0b753be7f67a2eb7a21f","date":"2015-12-05T18:15:02-06:00","author":"Michael Sheets","summary":"Reorganize and cleanup repository items"},{"commit":"c304791143bdece39e707824fd01c4f876256012","date":"2015-12-05T06:02:22-06:00","author":"Michael Sheets","summary":"Add enumeration block"},{"commit":"c27bb25064df8b3fe1de13c6290dc882f5cc61a1","date":"2015-12-05T05:59:45-06:00","author":"Michael Sheets","summary":"Add events block"},{"commit":"1d70e661a1d64a74387d2444bf90344b5b2b4e8c","date":"2015-12-05T05:54:55-06:00","author":"Michael Sheets","summary":"Add methods block"},{"commit":"6bc5cbe29f7b6ce8aabd5341c2ab248de5d7ba80","date":"2015-12-05T05:52:09-06:00","author":"Michael Sheets","summary":"Add properties block"},{"commit":"2b0aede8c984d1a901f8f77258be870beea3045e","date":"2015-12-05T05:41:25-06:00","author":"Michael Sheets","summary":"Add classdef blocks"},{"commit":"1ed4ec4c8c11ce8f35d9a7cfdd16a7a05cbbd557","date":"2015-12-05T02:01:22-06:00","author":"Michael Sheets","summary":"Revamp meta.function rule","body":"Now a single rule for all functions. Matches input arguments, and splits output arguments into separate matches."},{"commit":"f3e95342f51ff5e4ae951c3ed9866fc6a88513f9","date":"2014-03-03T11:49:26+07:00","author":"Allan Odgaard","summary":"Get current line / selection via environment variables","body":"The previous method does not work for me (and multiple other users) and based on an old post¹ to alt.comp.lang.applescript: “osascript closes stdin (file descriptor 0) multiple times (I used ktrace &amp;&amp; kdump)”. Though a follow-up post does claim to successfully use osascript with stdin (in the same was as was previously done by this script).\n\n¹ https://groups.google.com/forum/#!topic/alt.comp.lang.applescript/1v0s0Tkn1bM"}],"name":"Matlab"}